Reference_GenomeID,TP,Hit,IPG_Synonym,eggNOG_Annotation
QQUL01000309.1,GC1,A0A6A0QRL4,KAA3636401.1,"domain, Protein"
SHMU01000065.1,ABV,A0A5C9ER47,TXT63892.1,NOVQVVKF
DMHF01000022.1,GC1,A0A2E2B4V4,HAI10210.1,
NC_024150.1,PiAdV-1,YP_009032608.1,YP_009032608.1,Adenoviral DNA terminal protein
SIBC01000102.1,GC1,MSU42409.1,MSU42409.1,Periplasmic copper-binding protein (NosD)
SCVU01000559.1,GC1,A0A521K7N5,TAJ14107.1,
JBDRQK010000269.1,GC1,A0A6M3IJ90,MFH2039758.1,
QMWC01000179.1,GC1,A0A497J818,RLG56994.1,
DTZL01000121.1,ABV,A0A7J4G2L1,HIE41346.1,Domain of unknown function DUF83
PBMZ01000187.1,GC1,A0A2E7D9P0,MBM83682.1,Periplasmic copper-binding protein (NosD)
QGUG01000586.1,GC1,A0A2W4IU19,PZM90184.1,glycerophosphodiester phosphodiesterase activity
JAQWCM010000170.1,ABV,A0A847PUZ1,MDD4523730.1,CRISPR-associated protein Cas4
MNVA01000076.1,ABV,A0A2H0Z440,OIO19983.1,ATP-dependent DNA helicase activity
MNVA01000076.1,ABV,A0A2M7MLQ6,OIO19983.1,ATP-dependent DNA helicase activity
DAOLBH010000694.1,GC1,HMO27256.1,HMO27256.1,
DUQM01000036.1,ABV,A0A7V6GKM1,HHT78715.1,
JAAZMA010000200.1,ABV,A0A7X9CMQ5,NMB07935.1,ATP-dependent helicase nuclease subunit A
QNAP01000178.1,ABV,A0A496Q6V6,RKX43614.1,Domain of unknown function DUF83
MHMA01000019.1,GC1,A0A1G2E391,OGZ20273.1,
JAGIAN010000191.1,ABV,A0A1G9WQK7,MBO9638477.1,-
PCBX01000061.1,ABV,A0A2E9X9P6,MBV28935.1,Belongs to the helicase family. UvrD subfamily
JANWYV010000002.1,ABV,A0A7V5T6W2,MCS6815796.1,TIGRFAM CRISPR-associated protein Cas4
DASXVN010000054.1,GC1,HEY3398177.1,HEY3398177.1,
QHTA01000108.1,GC1,A0A2V7DTX7,PYN97728.1,
QHZP01000113.1,GC1,A0A2V9MFZ3,PYV43815.1,
NC_075973.1,PiAdV-1,YP_010796273.1,YP_010796273.1,Adenoviral DNA terminal protein
PAMN02000047.1,ABV,A0A327HLC7,RAH14225.1,
MUCY01000039.1,ABV,A0A2N0LXI9,PKB74790.1,
JAPLTZ010000432.1,GC1,MCX6896888.1,MCX6896888.1,
PCTM01000008.1,GC1,A0A2M8FBT0,PIP75042.1,
RGKA01000088.1,DSL-LC02,NCV28323.1,NCV28323.1,epimerase dehydratase
MWKR01000018.1,ABV,A0A218ZSY5,OWP56423.1,Domain of unknown function DUF83
DATBGG010000020.1,GC1,HEY7148018.1,HEY7148018.1,Right handed beta helix region
NZ_FQZU01000072.1,ABV,A0A1M6N4J1,WP_073479153.1,
JAAYZB010000009.1,ABV,A0A7X7LQA7,NLF48047.1,
QMXD01000134.1,GC1,A0A497JJN6,RLG89839.1,
JAVZYH010000010.1,ABV,A0A7C5VJH4,MEM4159322.1,CRISPR-associated protein Cas4
JAFBAJ010000708.1,GC1,HEY0544530.1,MBV9959921.1,
JAFBAJ010000708.1,GC1,MBV9959921.1,MBV9959921.1,
BT038382.1,GC1,A0A1D6L8S3,ACF83387.1,Glycosyl hydrolases family 28
JAIPJC010000134.1,GC1,MCF7818694.1,MCF7818694.1,
JAAYYI010000101.1,GC1,A0A7K3ZSU2,NLF89380.1,
JADLHF010000091.1,GC1,MCC6717464.1,MCC6717464.1,
NZ_QWDC01000007.1,GC1,A0A372NN14,WP_117394241.1,Pectate lyase superfamily protein
NZ_PGQJ01000021.1,GC1,A0A133D068,WP_202779832.1,Glycosyl hydrolases family 28
NZ_PGQJ01000021.1,GC1,A0A133D068,WP_202779832.1,Glycosyl hydrolases family 28
NZ_PGQJ01000021.1,GC1,A0A133D068,WP_202779832.1,Glycosyl hydrolases family 28
NZ_PGQJ01000021.1,GC1,A0A133D068,WP_202779832.1,Glycosyl hydrolases family 28
NZ_PGQJ01000021.1,GC1,A0A133D068,WP_202779832.1,Glycosyl hydrolases family 28
NZ_PGQJ01000021.1,GC1,A0A133D068,WP_202779832.1,Glycosyl hydrolases family 28
NZ_PGQJ01000021.1,GC1,A0A133D068,WP_202779832.1,Glycosyl hydrolases family 28
NZ_PGQJ01000021.1,GC1,A0A133D068,WP_202779832.1,Glycosyl hydrolases family 28
NZGX01000028.1,ABV,A0A2D7C1Z8,MAI06202.1,
JACQRL010000198.1,GC1,MBI4243693.1,MBI4243693.1,
VBKJ01000063.1,GC1,A0A534XEK0,TMB22684.1,Glycosyl hydrolases family 28
NZ_JACVVP010000073.1,ABV,A0A7X9RXS1,WP_188171909.1,CRISPR-associated protein Cas4
JACADU010000011.1,ABV,A0A7Y8HX64,NWF82294.1,
QNED01000039.1,ABV,A0A661B2P9,RKZ28817.1,
DUVT01000099.1,ABV,A0A7C6WFW7,HHX00145.1,
JABFRG010000396.1,GC1,A0A7Y4ZJS3,NOU29058.1,
RFYX01000195.1,S-CREM2,NBR37684.1,NBR37684.1,-
AUSU01001187.1,GC1,S8D2G5,EPS71596.1,Glycosyl hydrolases family 28
DOEQ01000028.1,ABV,A0A356L7L1,HBP26541.1,
DOEQ01000028.1,ABV,A0A357PR81,HBP26541.1,
MFXB01000013.1,GC1,A0A1F7AEA2,OGJ43650.1,
DTSP01000206.1,ABV,A0A7Z9IVR0,HIA81405.1,PD-(D/E)XK nuclease superfamily
QNEC01000088.1,ABV,A0A661AY62,RKZ27761.1,
JAFONR010000046.1,ABV,A0A3B9WXF3,MBQ1525757.1,ATP-dependent helicase nuclease subunit A
JAFONR010000046.1,ABV,A0A349ZVG7,MBQ1525757.1,ATP-dependent helicase nuclease subunit A
JAAZBH010000688.1,ABV,A0A7X7I7V7,NLE01126.1,Protein conserved in bacteria
QNYH01000148.1,ABV,A0A432QNW6,RUM40571.1,PD-(D/E)XK nuclease superfamily
RFGN01000036.1,ABV,A0A2E0VVT1,RMH22746.1,"SPTR CRISPR-associated exonuclease, Cas4 family"
DASXVL010000386.1,GC1,HEY3377837.1,HEY3377837.1,
JAGLGD010000014.1,GC1,MCK5639207.1,MCK5639207.1,
QHZL01000023.1,GC1,A0A2V9L804,PYV28739.1,
QNEF01000112.1,ABV,A0A7C5JTN2,RKZ32067.1,
QNEF01000112.1,ABV,A0A661BC76,RKZ32067.1,
VXRF01000300.1,ABV,A0A6B0YER3,MXY57038.1,
NZ_JBFJQD010000372.1,GC1,WP_372743177.1,WP_372743177.1,
NW_024468025.1,ABV,A0A1Y2EQU7,XP_040721844.1,Exonuclease V - a 5' deoxyribonuclease
DNGR01000268.1,ABV,A0A351EM26,HAY66095.1,
JAFYKW010000140.1,GC1,MBR4282523.1,MBR4282523.1,
NZ_LIIN01000152.1,ABV,A0A162FVA4,WP_161489670.1,PD-(D/E)XK nuclease superfamily
PFVN01000008.1,GC1,A0A2J0MRP4,PJA87271.1,Belongs to the glycosyl hydrolase 28 family
MWDR01000170.1,ABV,A0A1V6CI37,OQB76582.1,
MWAO01000294.1,GC1,A0A1V5N9M9,OQA01812.1,
JAAYRM010000184.1,ABV,A0A7X8DKS9,NLJ79061.1,ATP-dependent helicase nuclease subunit A
MK072222.1,ABV,A0A6C0FBZ9,AYV80277.1,
JANXGK010001323.1,ABV,A0A382C950,MCS5606629.1,PD-(D/E)XK nuclease superfamily
QMNM01000081.1,GC1,A0A496ZPU2,RLC47554.1,
NW_026015451.1,GC1,P35337,NP_001302495.1,"Contains the following InterPro domains Pectin lyase fold virulence factor (InterPro IPR011050), Pectin lyase fold (InterPro IPR012334), Glycoside hydrolase, family 28 (InterPro IPR000743), Parallel beta-helix repeat (InterPro IPR006626)"
NCGZ01000032.1,ABV,A0A258XAI0,OYZ37469.1,
QMOB01000719.1,GC1,A0A497AQ50,RLC76453.1,
JAPLNJ010001226.1,GC1,MCY2996266.1,MCY2996266.1,
NC_001813.1,DAdV-1,NP_044703.1,NP_044703.1,Adenoviral DNA terminal protein
JAGPGE010000233.1,GC1,MBP8952946.1,MBP8952946.1,
DNMS01000263.1,ABV,A0A352GMP1,HBC08224.1,PD-(D/E)XK nuclease superfamily
U69571.1,ABV,P72344,AAB51777.1,Belongs to the helicase family. UvrD subfamily
JABWCA010000004.1,ABV,A0A7Y5CVX0,NUM69362.1,
JACCWO010000698.1,ABV,A0A838J999,MBA2679602.1,Evidence 4 Homologs of previously reported genes of
DOEW01000060.1,ABV,A0A356FWA2,HBO58791.1,Belongs to the helicase family. UvrD subfamily
JANXBH010000024.1,ABV,A0A7V2I0Y8,MCS7245977.1,Domain of unknown function DUF83
JANXBH010000024.1,ABV,A0A7V2I0Y8,MCS7245977.1,Domain of unknown function DUF83
JAIPIO010000183.1,GC1,MCF7849418.1,MCF7849418.1,
MGZY01000022.1,ABV,A0A1G0XEK7,OGU55249.1,ATP-dependent DNA helicase activity
JBDRQX010000418.1,ABV,A0A6M3Y0Y1,MFH2076114.1,
DSAK01000073.1,ABV,A0A7C5WU22,HHO42118.1,
NZGU01000021.1,ABV,A0A2D7D8M2,MAI20439.1,
WJLH01000194.1,GC1,A0A842VHF9,MBD3255040.1,
WJLH01000194.1,GC1,A0A842VHF9,MBD3255040.1,
JAOACX010000583.1,ABV,A0A7C4E0Z8,MCX7831163.1,Domain of unknown function DUF83
KV777575.1,GC1,C0PDS0,OEL23358.1,Glycosyl hydrolases family 28
KV777575.1,GC1,C0PDS0,OEL23358.1,Glycosyl hydrolases family 28
KV777575.1,GC1,A0A1E5VDY3,OEL23358.1,Glycosyl hydrolases family 28
KV777575.1,GC1,Q6EN36,OEL23358.1,Glycosyl hydrolases family 28
KV777575.1,GC1,Q6EN36,OEL23358.1,Glycosyl hydrolases family 28
KV777575.1,GC1,Q6EN36,OEL23358.1,Glycosyl hydrolases family 28
DRBV01000032.1,GC1,A0A7C0YX02,HDH43948.1,
WLQF01000192.1,ABV,A0A7K0LVF3,MSV74992.1,Belongs to the helicase family. UvrD subfamily
NZ_PELY01000071.1,ABV,A0A430SFE2,WP_126201429.1,Belongs to the helicase family. UvrD subfamily
MU006075.1,ABV,A0A6A7BNQ1,KAF2857061.1,Exonuclease V - a 5' deoxyribonuclease
QMRS01000249.1,ABV,A0A662I9N3,RLE84551.1,
QMRS01000249.1,ABV,A0A662HBU5,RLE84551.1,
NZ_JAQTPQ010000267.1,DSL-LC02,WP_300102907.1,WP_300102907.1,
NZ_JAQTPQ010000267.1,DSL-LC02,MFA6198908.1,WP_300102907.1,
NZ_FXZI01000084.1,ABV,A0A2H1L0H6,WP_180957570.1,PD-(D/E)XK nuclease superfamily
QNAK01000013.1,ABV,A0A660R3R5,RKX47535.1,
NZ_FQWY01000029.1,ABV,A0A1M5Q3W3,WP_242939026.1,Domain of unknown function DUF83
NZ_WWKE01000868.1,ABV,A0A370RT86,WP_202546883.1,Belongs to the helicase family. UvrD subfamily
NZ_WWKE01000868.1,ABV,A0A6B3FWQ0,WP_202546883.1,Belongs to the helicase family. UvrD subfamily
NZ_WWKE01000868.1,ABV,A0A7K2ZG18,WP_202546883.1,Belongs to the helicase family. UvrD subfamily
NC_014899.1,EAdV-1,YP_004123739.1,YP_004123739.1,Adenoviral DNA terminal protein
SHXB01000023.1,ABV,A0A4P5TIL7,MSP09789.1,
JABWBO010000061.1,ABV,A0A7Y5QF52,NUQ05471.1,
DASUUJ010000276.1,GC1,HEX6280090.1,HEX6280090.1,
DRJY01000026.1,ABV,A0A7C1TTZ1,HEB78939.1,Belongs to the helicase family. UvrD subfamily
NZ_PXJB01000007.1,ABV,B5Y9B0,WP_107764213.1,Belongs to the helicase family. UvrD subfamily
NZ_PXJB01000007.1,ABV,A0A348VCH3,WP_107764213.1,Belongs to the helicase family. UvrD subfamily
NZ_RBNH01000039.1,GC1,A0A3B0FLW0,WP_141000642.1,
VAZZ01000490.1,ABV,A0A537NT10,TMJ35551.1,PD-(D/E)XK nuclease superfamily
NZ_JABXXQ010000186.1,GC1,A0A839V428,WP_176624312.1,
NZ_JABXXQ010000186.1,GC1,A0A839V428,WP_176624312.1,
JACDEF010000007.1,GC1,A0A838TIV7,MBA3673487.1,
JAVWKU010000400.1,phiZP2,MEG0367343.1,MEG0367343.1,
NCHW01000313.1,ABV,A0A259DJ39,OZA13954.1,PD-(D/E)XK nuclease superfamily
JAPLCQ010000011.1,GC1,MCX6358263.1,MCX6358263.1,
NC_075453.1,PiAdV-1,YP_009388312.1,YP_010790712.1,Adenoviral DNA terminal protein
NC_075453.1,PiAdV-1,YP_010790741.1,YP_010790712.1,Adenoviral DNA terminal protein
NC_075453.1,PiAdV-1,YP_010790712.1,YP_010790712.1,Adenoviral DNA terminal protein
JACDGX010000033.1,GC1,A0A7W1N9W3,MBA3845286.1,
VBHE01000170.1,GC1,A0A535UN72,TMD95320.1,
JAHHLR010000209.1,ABV,A0A832IW44,MBT8348585.1,Belongs to the helicase family. UvrD subfamily
JAHHLR010000209.1,ABV,A0A849DD81,MBT8348585.1,Belongs to the helicase family. UvrD subfamily
NC_025962.1,EAdV-1,YP_009112717.1,YP_009112717.1,Adenoviral DNA terminal protein
NC_025962.1,DAdV-1,A0A0A7JTR8,YP_009112717.1,Adenoviral DNA terminal protein
NZ_ALWO02000003.1,ABV,S2DNE7,WP_051394791.1,Domain of unknown function DUF83
JAWBOW010000031.1,ABV,A0A7C5ZPZ0,MEM2121725.1,
NZ_QKYN01000079.1,ABV,A0A2X0IFC1,WP_243639509.1,UvrD-like helicase C-terminal domain
SCQV01000318.1,GC1,A0A522R804,TAM97514.1,Periplasmic copper-binding protein (NosD)
NZ_CZVL01000033.1,ABV,A0A0P1MHD5,WP_075460216.1,Domain of unknown function DUF83
SCTJ01000090.1,GC1,A0A521ZP97,TAK94929.1,Belongs to the glycosyl hydrolase 28 family
DMHT01000346.1,ABV,A0A3C0FQ12,HAI30432.1,Belongs to the helicase family. UvrD subfamily
JAZJYE010000049.1,GC1,MES2055957.1,MES2055957.1,
JAZJYE010000049.1,GC1,WP_034157066.1,MES2055957.1,
ABXP02000122.1,ABV,A0A0F5PJ05,KKC28638.1,CRISPR-associated protein Cas4
JAOKBZ010000003.1,GC1,MDB4041034.1,MDB4041034.1,
JAFIGC010000042.1,GC1,MCC5848332.1,MCC5848332.1,Pectate lyase superfamily protein
NC_001876.1,PiAdV-1,NP_046315.1,NP_046315.1,Adenoviral DNA terminal protein
DATKZY010000271.1,GC1,HUT37491.1,HUT37491.1,
DATKZY010000271.1,GC1,MBC8875072.1,HUT37491.1,
DATKZY010000271.1,GC1,MBM4030439.1,HUT37491.1,
DATKZY010000271.1,GC1,NQT86123.1,HUT37491.1,
NC_001734.1,PiAdV-1,WZB38155.1,NP_044190.1,Adenoviral DNA terminal protein
NC_001734.1,PiAdV-1,DBA48924.1,NP_044190.1,Adenoviral DNA terminal protein
NC_001734.1,PiAdV-1,WXG22478.1,NP_044190.1,Adenoviral DNA terminal protein
NC_001734.1,PiAdV-1,WXG22698.1,NP_044190.1,Adenoviral DNA terminal protein
NC_001734.1,PiAdV-1,WRQ19845.1,NP_044190.1,Adenoviral DNA terminal protein
NC_001734.1,PiAdV-1,WXG22732.1,NP_044190.1,Adenoviral DNA terminal protein
NC_001734.1,PiAdV-1,XBH23610.1,NP_044190.1,Adenoviral DNA terminal protein
NC_001734.1,PiAdV-1,NP_108659.1,NP_044190.1,Adenoviral DNA terminal protein
NC_001734.1,PiAdV-1,QRV11644.1,NP_044190.1,Adenoviral DNA terminal protein
NC_001734.1,PiAdV-1,AEK79911.1,NP_044190.1,Adenoviral DNA terminal protein
NC_001734.1,PiAdV-1,WZK92829.1,NP_044190.1,Adenoviral DNA terminal protein
NC_001734.1,PiAdV-1,DBA51401.1,NP_044190.1,Adenoviral DNA terminal protein
NC_001734.1,PiAdV-1,WRQ19827.1,NP_044190.1,Adenoviral DNA terminal protein
NC_001734.1,PiAdV-1,WBV74353.1,NP_044190.1,Adenoviral DNA terminal protein
NC_001734.1,PiAdV-1,QGX41978.1,NP_044190.1,Adenoviral DNA terminal protein
NC_001734.1,PiAdV-1,YP_009162347.1,NP_044190.1,Adenoviral DNA terminal protein
NC_001734.1,PiAdV-1,WXG22947.1,NP_044190.1,Adenoviral DNA terminal protein
NC_001734.1,PiAdV-1,WXG22591.1,NP_044190.1,Adenoviral DNA terminal protein
NC_001734.1,PiAdV-1,QYW15027.1,NP_044190.1,Adenoviral DNA terminal protein
NC_001734.1,PiAdV-1,BBE29335.1,NP_044190.1,Adenoviral DNA terminal protein
NC_001734.1,PiAdV-1,AWY10568.1,NP_044190.1,Adenoviral DNA terminal protein
NC_001734.1,PiAdV-1,WZK92860.1,NP_044190.1,Adenoviral DNA terminal protein
NC_001734.1,PiAdV-1,QNQ79209.1,NP_044190.1,Adenoviral DNA terminal protein
NC_001734.1,PiAdV-1,AP_000051.1,NP_044190.1,Adenoviral DNA terminal protein
NC_001734.1,PiAdV-1,AGT75466.1,NP_044190.1,Adenoviral DNA terminal protein
NC_001734.1,PiAdV-1,YP_009162589.1,NP_044190.1,Adenoviral DNA terminal protein
NC_001734.1,PiAdV-1,YP_009505687.1,NP_044190.1,Adenoviral DNA terminal protein
NC_001734.1,PiAdV-1,AQQ73626.1,NP_044190.1,Adenoviral DNA terminal protein
NC_001734.1,PiAdV-1,WGN96457.1,NP_044190.1,Adenoviral DNA terminal protein
NC_001734.1,PiAdV-1,APD78427.1,NP_044190.1,Adenoviral DNA terminal protein
NC_001734.1,PiAdV-1,YP_068061.1,NP_044190.1,Adenoviral DNA terminal protein
NC_001734.1,PiAdV-1,YP_094033.1,NP_044190.1,Adenoviral DNA terminal protein
NC_001734.1,PiAdV-1,QRV11652.1,NP_044190.1,Adenoviral DNA terminal protein
NC_001734.1,PiAdV-1,YP_009109574.1,NP_044190.1,Adenoviral DNA terminal protein
NC_001734.1,PiAdV-1,YP_009704123.1,NP_044190.1,Adenoviral DNA terminal protein
NC_001734.1,PiAdV-1,YP_009272876.1,NP_044190.1,Adenoviral DNA terminal protein
NC_001734.1,PiAdV-1,YP_009272923.1,NP_044190.1,Adenoviral DNA terminal protein
NC_001734.1,PiAdV-1,YP_009325337.1,NP_044190.1,Adenoviral DNA terminal protein
NC_001734.1,PiAdV-1,YP_009389491.1,NP_044190.1,Adenoviral DNA terminal protein
NC_001734.1,PiAdV-1,NP_064287.1,NP_044190.1,Adenoviral DNA terminal protein
NC_001734.1,PiAdV-1,DBA50534.1,NP_044190.1,Adenoviral DNA terminal protein
NC_001734.1,PiAdV-1,XBH23588.1,NP_044190.1,Adenoviral DNA terminal protein
NC_001734.1,PiAdV-1,YP_010790601.1,NP_044190.1,Adenoviral DNA terminal protein
NC_001734.1,PiAdV-1,YP_009272543.1,NP_044190.1,Adenoviral DNA terminal protein
NC_001734.1,PiAdV-1,NP_044190.1,NP_044190.1,Adenoviral DNA terminal protein
NC_001734.1,EAdV-1,QIJ58559.1,NP_044190.1,Adenoviral DNA terminal protein
NC_001734.1,PsAdv-3,AWN56768.1,NP_044190.1,Adenoviral DNA terminal protein
NC_001734.1,EAdV-1,A0A6G7NUF9,NP_044190.1,Adenoviral DNA terminal protein
DTXD01000185.1,ABV,A0A7C7PT03,HID04662.1,
DUVE01000053.1,ABV,A0A7V6VSH7,HHX16819.1,
JADNYJ010000046.1,GC1,KAF8900737.1,KAF8900737.1,Glycoside hydrolase family 55 protein
JAPLTZ010000143.1,GC1,MCX6894949.1,MCX6894949.1,
DUOZ01000080.1,ABV,A0A7C6M4L0,HHU28384.1,
JABDQT010000164.1,ABV,A0A849DWN4,NNJ70624.1,
JAUXVH010000716.1,ABV,A0A6M3Y1S2,MDP2363700.1,
JAAZEO010000418.1,ABV,A0A7X6WFR4,NLC04873.1,ATP-dependent helicase nuclease subunit A
NZ_FQWY01000047.1,ABV,A0A1M5RDL7,WP_073093358.1,
QMWC01000219.1,ABV,A0A497J7I3,RLG56361.1,
DUZC01000265.1,ABV,A0A7V7CXE6,HIJ39253.1,Belongs to the helicase family. UvrD subfamily
NZ_PSYY01000023.1,ABV,D4GQN9,WP_115806029.1,CRISPR-associated protein Cas4
ATBP01001652.1,ABV,A0A1V1NWJ9,ETR66938.1,
JACVTC010000156.1,GC1,A0A1Y2D0J7,KAG4085511.1,
JAFNQR010000283.1,DSL-LC02,MBQ5474055.1,MBQ5474055.1,
NZ_JAKDOV010000278.1,ABV,A0A2N5WAQ2,WP_301503494.1,PDDEXK-like domain of unknown function (DUF3799)
DTXH01000010.1,ABV,A0A836RHF6,HID31785.1,UvrD/REP helicase N-terminal domain
JAGLSB010000230.1,GC1,MCK4920434.1,MCK4920434.1,
SPCG01000298.1,ABV,A0A524KIH5,TFG86472.1,
NZ_RXKH01000094.1,ABV,A0A433CKI3,WP_291395179.1,
PRFC01000202.1,GC1,A0A669BI51,PWV00929.1,Gene with more than two copies in the genome that does not belong to a merged region and that could not be assigned to a particular haplotype
MK500505.1,ABV,A0A481Z608,QBK90975.1,
NZ_JAFMTU010000089.1,Ayka,WP_206886507.1,WP_206886507.1,
NZ_JAFMTU010000089.1,Curie,WP_343100456.1,WP_206886507.1,
QHWK01000412.1,GC1,A0A2V8EGK5,PYR39235.1,
JADZCF010000067.1,GC1,MCC7169542.1,MCC7169542.1,
SHUI01000117.1,ABV,A0A7X2PIM1,MSV29368.1,ATP-dependent DNA helicase activity
DULK01000020.1,ABV,A0A7C6V012,HHW39892.1,TIGRFAM CRISPR-associated protein Cas4
QNFX01000071.1,ABV,A0A496XSY2,RLA63675.1,
DATKZH010000199.1,GC1,HUT90058.1,HUT90058.1,Periplasmic copper-binding protein (NosD)
JAPLTA010000360.1,GC1,MCX7007371.1,MCX7007371.1,
NZ_PZJX01000066.1,ABV,A0A2T4ILI6,WP_107652881.1,UvrD-like helicase C-terminal domain
QMRG01000020.1,ABV,A0A497FMZ0,RLE65644.1,
DNGD01000111.1,ABV,A0A350YIH9,HAX91347.1,Belongs to the helicase family. UvrD subfamily
DASRMM010000001.1,phi29,HZK22465.1,HZK22465.1,
PFLU01000039.1,ABV,A0A2M7R4W7,PIY87524.1,Type I restriction enzyme R protein N terminus (HSDR_N)
PJQH01000213.1,ABV,A0A2N5KRJ3,PLS86315.1,Domain of unknown function DUF83
CABMGC010000032.1,ABV,A0A5E4JHZ8,VVB76849.1,
JBFMFE010000160.1,ABV,A0A7V4B0W3,MEW5946247.1,
SOJA01000111.1,GC1,A0A523WCT0,TET64579.1,
SDZF01000891.1,ABV,A0A519JCP2,RZJ22171.1,PD-(D/E)XK nuclease superfamily
RGMK01000009.1,GC1,NCY20494.1,NCY20494.1,
RGWU01000882.1,DSL-LC02,NDB61892.1,NDB61892.1,
NYZX01000122.1,ABV,A0A2D5ZYU0,MAE74349.1,
SWFS01000361.1,ABV,A0A642V4I0,KAA8908531.1,
NC_000942.1,PiAdV-1,YP_002822208.1,NP_015538.1,Adenoviral DNA terminal protein
NC_000942.1,PiAdV-1,NP_015538.1,NP_015538.1,Adenoviral DNA terminal protein
MGZW01000098.1,ABV,A0A1G0PIP4,OGU35483.1,ATP-dependent DNA helicase activity
NZ_FTPU01000029.1,ABV,A0A3G2TDX8,WP_076783848.1,Domain of unknown function DUF83
NZ_FTPU01000029.1,ABV,A0A1U7PYD1,WP_076783848.1,Domain of unknown function DUF83
NC_024486.1,GAdV-4,QWK52450.1,YP_009047156.1,Adenoviral DNA terminal protein
NC_024486.1,PiAdV-1,QQD36934.1,YP_009047156.1,Adenoviral DNA terminal protein
NC_024486.1,PiAdV-1,YP_009047156.1,YP_009047156.1,Adenoviral DNA terminal protein
MWAH01000135.1,GC1,OPZ86633.1,OPZ86633.1,
DATHGT010000205.1,GC1,HMH51646.1,HMH51646.1,
JABMRR010000090.1,GC1,A0A0F9S655,NQU07247.1,
NC_002685.2,PiAdV-1,QSV39475.1,NP_077390.1,Adenoviral DNA terminal protein
NC_002685.2,PiAdV-1,YP_007346999.1,NP_077390.1,Adenoviral DNA terminal protein
NC_002685.2,PiAdV-1,NP_077390.1,NP_077390.1,Adenoviral DNA terminal protein
NC_002685.2,PiAdV-1,YP_009414576.1,NP_077390.1,Adenoviral DNA terminal protein
NC_002685.2,PiAdV-1,NP_659516.1,NP_077390.1,Adenoviral DNA terminal protein
JAKDRT010000259.1,St134,MDN6162083.1,MDN6162083.1,
JAKDRT010000259.1,St134,WP_141712621.1,MDN6162083.1,
MWAL01000503.1,GC1,W4UVT7,OPZ95543.1,Belongs to the glycosyl hydrolase 28 family
MWAL01000503.1,GC1,A0A1V5MQJ2,OPZ95543.1,Belongs to the glycosyl hydrolase 28 family
JAYYYC010000191.1,DSL-LC02,MEE3020095.1,MEE3020095.1,-
DRKF01000191.1,ABV,A0A7C1Y7E1,HEC09120.1,
NZ_FOXB01000015.1,ABV,A0A1I5PF33,WP_092912231.1,COG3893 inactivated superfamily I helicase
BKCP01013514.1,ABV,A0A5A7RK95,GER57687.1,PD-(D/E)XK nuclease superfamily
SOKM01000334.1,ABV,A0A523R7I8,TES90049.1,
SOKM01000334.1,ABV,A0A523QVP5,TES90049.1,
PFTW01000227.1,ABV,A0A2M8CIC3,PJB58814.1,CRISPR-associated protein Cas4
MFQE01000073.1,ABV,A0A1F6MDC0,OGH69615.1,Protein of unknown function (DUF559)
NZ_JABXXQ010000309.1,GC1,A0A850NSJ1,WP_176625349.1,
NZ_JABXXQ010000309.1,GC1,A0A850NSJ1,WP_176625349.1,
JAAZHZ010000603.1,ABV,A0A7X6PET7,NLA49706.1,CRISPR-associated protein Cas4
JAKEFR010000136.1,ABV,A0A7C5URN7,MCI0621541.1,
BFAA01021776.1,GC1,A0A401QMS0,GCB81872.1,Down syndrome cell adhesion molecule
JAFGRS010000692.1,GC1,MBN2451608.1,MBN2451608.1,
NZ_CADFGL010000080.1,GC1,A0A6J5CTY9,WP_175145649.1,
JAAZPT010000422.1,ABV,A0A7X9QAS3,NMD39093.1,
NC_075448.1,CPAdV-2,YP_010790523.1,YP_010790523.1,
NC_075448.1,CPAdV-2,A0A4P8PIM7,YP_010790523.1,
JACNFV010000031.1,viph1008o,A0A842PB43,MBC8501637.1,
PAKY01000016.1,GC1,A0A2E2N5H0,MAY73567.1,
JAAZKP010000054.1,ABV,A0A7X9AGR1,NMA32521.1,
QNZY01000131.1,ABV,A0A432T6B3,RUM73173.1,Belongs to the helicase family. UvrD subfamily
DRJO01000472.1,ABV,A0A7V2AL84,HER27001.1,Belongs to the helicase family. UvrD subfamily
JAMWCA010000136.1,ABV,A0A7V0VDE5,MCM8809865.1,"DNA catabolic process, exonucleolytic"
NZ_BAABBZ010000049.1,GC1,A0A7W6GUR6,WP_183970311.1,
RFLP01000289.1,ABV,A0A3M0WM71,RMD48509.1,
NZ_LJQO01000076.1,ABV,A0A656K2Q0,WP_338012267.1,DEAD_2
NZ_LJQO01000076.1,ABV,A0A3M5F746,WP_338012267.1,DEAD_2
NZ_LJQO01000076.1,ABV,A0A6B3P4P7,WP_338012267.1,DEAD_2
NZ_LJQO01000076.1,ABV,A0A3M2ZVM5,WP_338012267.1,DEAD_2
NZ_LJQO01000076.1,ABV,A0A0N8S0G9,WP_338012267.1,DEAD_2
DPCC01000156.1,ABV,A0A3D1E151,HCD79835.1,
DPCC01000156.1,ABV,A0A356NXF7,HCD79835.1,
DMHF01000601.1,GC1,A0A3C0ESI0,HAI14210.1,
NZCY01000212.1,ABV,A0A2D6N7L8,MAG36647.1,
QZIJ01000144.1,ABV,A0A419E0Z0,RJP46518.1,PD-(D/E)XK nuclease superfamily
JABWBX010000163.1,ABV,A0A3M1NPA9,NUM75257.1,Protein conserved in bacteria
JABWBX010000163.1,ABV,A0A7Y5L786,NUM75257.1,Protein conserved in bacteria
NC_020487.1,PiAdV-1,QHR77492.1,YP_007518314.1,Adenoviral DNA terminal protein
NC_020487.1,PiAdV-1,YP_007518314.1,YP_007518314.1,Adenoviral DNA terminal protein
DLUS01000174.1,GC1,A0A3B8IWX7,HAA12010.1,
DLUS01000174.1,GC1,A0A3B8IWX7,HAA12010.1,
VGYL01000918.1,GC1,MBM4029085.1,MBM4029085.1,Periplasmic copper-binding protein (NosD)
VGYL01000918.1,GC1,HUT45556.1,MBM4029085.1,Periplasmic copper-binding protein (NosD)
DRSA01001243.1,GC1,A0A7C5JMW9,HHH55350.1,
REGN01005162.1,ABV,A0A3M7QT24,RNA14546.1,
RPOM01000573.1,GC1,RPJ56855.1,RPJ56855.1,
JBDOMY010001840.1,GC1,MEO1999289.1,MEO1999289.1,Periplasmic copper-binding protein (NosD)
JAAYUX010000065.1,ABV,A0A7X8BFV1,NLI95575.1,
DASQGU010000135.1,PRD1,HYM34099.1,HYM34099.1,
RECA01000091.1,ABV,A0A6P2AA11,TVP89072.1,-
DOES01000045.1,ABV,A0A356F4M7,HBO49440.1,Belongs to the helicase family. UvrD subfamily
BGZN01000059.1,ABV,A0A388TCK3,GBR74613.1,
JBAWXS010000158.1,GC1,MEI8195201.1,MEI8195201.1,Pectate lyase superfamily protein
JAWCMK010000335.1,ABV,A0A7J2U8S1,MEM2915532.1,Domain of unknown function DUF83
JAFGFK010000364.1,GC1,MBN1902360.1,MBN1902360.1,
NC_009989.1,PiAdV-1,YP_001552248.1,YP_001552248.1,Adenoviral DNA terminal protein
NC_009989.1,CPAdV-2,YP_009051655.1,YP_001552248.1,Adenoviral DNA terminal protein
LICH01000077.1,ABV,A0A0R2TN39,KRO88484.1,Belongs to the helicase family. UvrD subfamily
WLEH01000100.1,ABV,A0A6J6EZG3,MTA41046.1,PD-(D/E)XK nuclease superfamily
VBIW01000167.1,GC1,A0A535HK61,TMC47132.1,
NC_076126.1,PiAdV-1,YP_010796998.1,YP_010796998.1,
PBFH01000004.1,ABV,A0A2E3ZL51,MBI76361.1,Belongs to the helicase family. UvrD subfamily
DOCA01000162.1,ABV,A0A355VWH5,HBN22828.1,
JAFNKF010000577.1,GC1,MCB7130403.1,MCB7130403.1,
DOBJ01000020.1,WhyPhy,HBN10498.1,HBN10498.1,
DOBJ01000020.1,Chedec11,A0A355UWK0,HBN10498.1,
SCSM01000046.1,ABV,A0A7C3ISC1,TAL66723.1,Domain of unknown function DUF83
NZ_AJRK01000367.1,GC1,M0MAY7,WP_007690248.1,Pectate lyase superfamily protein
LJUF01000154.1,GC1,A0A0S8HCY3,KPK82705.1,
JAGMBV010000204.1,ABV,A0A523R766,MCK4382741.1,NOVQVVKF
JAGMBV010000204.1,ABV,X1EXW3,MCK4382741.1,NOVQVVKF
JAGMBV010000204.1,ABV,A0A524CFE5,MCK4382741.1,NOVQVVKF
JAGMBV010000204.1,ABV,A0A0F9PSU8,MCK4382741.1,NOVQVVKF
NW_019173788.1,GC1,A0A0D2DHQ7,XP_022495211.1,Belongs to the glycosyl hydrolase 28 family
JAAYFP010000091.1,ABV,A0A7C3TV09,NLY05309.1,"DNA catabolic process, exonucleolytic"
QMUQ01000079.1,ABV,A0A662PQ76,RLG00335.1,
JARO02002344.1,ABV,A0A0N8K0R9,KPP72905.1,Exonuclease 5
DATHQY010000362.1,GC1,HSY23495.1,HSY23495.1,
MDYQ01000013.1,ABV,A0A2P6NW44,PRP88179.1,
JAHIYA010000339.1,ABV,A0A2E2J9K8,MBU0791168.1,DEAD_2
NZ_LMNE01000043.1,GC1,A0A0S9PV56,WP_056495175.1,
JAUSLB010000202.1,GC1,MDO8426965.1,MDO8426965.1,
RPQK01000207.1,GC1,A0A3N5LMV6,RPI26098.1,Pectate lyase superfamily protein
QMYQ01000510.1,ABV,A0A497P0Q3,RLI45022.1,
DMQE01000009.1,ABV,A0A3C1PWK0,HAN81627.1,
DMQE01000009.1,ABV,A0A3D4EVI1,HAN81627.1,
DUHZ01000043.1,ABV,A0A7J4LZ98,HIH50243.1,
QHYH01000035.1,ABV,A0A2V9A7U5,PYT91812.1,
JACFNB010000025.1,GC1,A0A7S6MUY3,MBW7854591.1,
JABXHP010000193.1,ABV,A0A7Y6YAZ3,NVK01425.1,COG1199 Rad3-related DNA helicases
JAUZOU010000243.1,GC1,MFA6820322.1,MDP4277830.1,
JAUZOU010000243.1,GC1,MDP4277830.1,MDP4277830.1,
BDQX01000096.1,S-SCSM1,A0A2R5EVK4,GBG07414.1,Transcriptional regulator
DMAU01000176.1,ABV,A0A3B9FHX1,HAE09717.1,PD-(D/E)XK nuclease superfamily
DRNX01000187.1,ABV,A0A7V2W8N6,HFA59482.1,PD-(D/E)XK nuclease superfamily
NZ_JBHVHM010000182.1,Sato,WP_377554628.1,WP_377554628.1,
JABWBE010000690.1,ABV,A0A850BK25,NUQ79427.1,
WJON01000149.1,ABV,A0A523SWE6,MQY71270.1,
NZ_QYCQ01000052.1,ABV,A0A418RCX4,WP_119672588.1,
QMNP01000212.1,ABV,A0A496ZS69,RLC50887.1,Protein conserved in bacteria
QMWV01000214.1,ABV,A0A662ULF9,RLG79444.1,CRISPR-associated protein Cas4
JAGLNW010000939.1,GC1,MCK5173724.1,MCK5173724.1,
REEQ01000210.1,GC1,A0A5Q4G1Q9,TVR90989.1,
DTYR01000083.1,ABV,A0A7C5W056,HID92774.1,PD-(D/E)XK nuclease superfamily
VGOG01000049.1,ABV,A0A7C3U3A9,MBM4465267.1,
VXIU01000081.1,GC1,A0A5J4XGG9,KAA6417617.1,
DURN01000035.1,ABV,A0A7C7ASI9,HHZ18706.1,
DUOF01000046.1,ABV,A0A7V6J150,HHU59595.1,
MDLD01000059.1,GC1,A0A1D2XDZ8,OED50462.1,
JABWCH010000477.1,ABV,A0A849WNG4,NUM37285.1,
JACMLY010000015.1,GC1,MBC7826428.1,MBC7826428.1,
JAESUB010000153.1,ABV,A0A3B0SYM5,MBL4612998.1,Belongs to the helicase family. UvrD subfamily
SMVX01000081.1,ABV,A0A523NAL8,TDJ55123.1,ATP-dependent DNA helicase activity
JAAZMY010000800.1,ABV,A0A7X9HS62,NMB83307.1,ATP-dependent DNA helicase activity
PFVA01000144.1,ABV,A0A2M7ZJH1,PJA98534.1,
NYZC01000002.1,GC1,MAE62671.1,MAE62671.1,
QMLL01000279.1,ABV,A0A661KBJ8,RLB05251.1,Domain of unknown function DUF83
DATJNL010000546.1,GC1,HUB10295.1,HUB10295.1,
WLLG01000031.1,ABV,A0A6I2ZXW8,MSX74550.1,
SVSY01000040.1,GC1,MBE6593352.1,MBE6593352.1,
PFNY01000303.1,GC1,A0A3D5NWY9,PIZ63560.1,
AJ586898.1,GC1,Q6H9K0,CAE52833.1,Belongs to the glycosyl hydrolase 28 family
DUMR01000117.1,ABV,A0A101FLQ8,HHV53391.1,UvrD REP helicase
NC_076486.1,EAdV-1,YP_010798521.1,YP_010798521.1,Adenoviral DNA terminal protein
NC_002501.1,PiAdV-1,NP_062436.1,NP_062436.1,Adenoviral DNA terminal protein
QOAJ01000020.1,ABV,A0A432FDP4,RTZ68948.1,
OMOG01000085.1,ABV,A0A2U3K802,SPF35801.1,
JAPLSS010000431.1,GC1,MBM4082917.1,MCX7013734.1,
JAPLSS010000431.1,GC1,MCX7013734.1,MCX7013734.1,
MFGX01000070.1,ABV,A0A1F5UUQ4,OGF54886.1,Domain of unknown function DUF83
NBLP01000107.1,ABV,A0A1W9THK5,OQY08081.1,Domain of unknown function DUF83
DPQA01000173.1,ABV,A0A847QCR0,HCY07017.1,
PNJD01000133.1,ABV,A0A2N7QFU2,PMP97740.1,-
NC_014322.1,ABV,D9CG87,YP_003773416.1,Domain of unknown function DUF83
NZ_CAKQAY010000386.1,GC1,A0A133CZY9,WP_288648258.1,Glycosyl hydrolases family 28
NZ_CAKQAY010000386.1,GC1,A0A133CZY9,WP_288648258.1,Glycosyl hydrolases family 28
KF547927.1,ABV,A0A0A0P5W8,AHA92071.1,
JABGRJ010000272.1,GC1,MBT3380625.1,MBT3380625.1,
JABGRJ010000272.1,GC1,MBN2451868.1,MBT3380625.1,
MEEM01000006.1,GC1,A0A1D2TJZ2,ODT35875.1,
JAAMPI010000147.1,GC1,KAF4634998.1,KAF4634998.1,Pectate lyase superfamily protein
JAVRRG010000237.1,GC1,KAK5075880.1,KAK5075880.1,"Glucan 1,3-beta-glucosidase"
JAOPUW010000102.1,GC1,MCW2507520.1,MCW2507520.1,
MWAU01000060.1,ABV,A0A1V5PYH6,OQA22617.1,
NZ_SCFB01000019.1,GC1,A0A4Q7DHC5,WP_130154536.1,
