Structure,Cluster,Representative,TP_Query,Query_Cluster,Query_Coclustering
A0A1G9U394,0,A0A1G9U394,,,
A0A101VTZ5,0,A0A1G9U394,,,
A0A1F2WS02,0,A0A1G9U394,ABV,167,N
A0A1F3SFJ5,0,A0A1G9U394,ABV,167,N
A0A1G0PIP4,0,A0A1G9U394,,,
A0A1G0QMW4,0,A0A1G9U394,,,
A0A1G0XEK7,0,A0A1G9U394,,,
A0A1I7CB83,0,A0A1G9U394,ABV,167,N
A0A1Q3ND50,0,A0A1G9U394,,,
A0A1Q4D9W5,0,A0A1G9U394,,,
A0A1Q6UDV1,0,A0A1G9U394,,,
A0A212QZT0,0,A0A1G9U394,,,
A0A251ZTJ1,0,A0A1G9U394,,,
A0A255XKA8,0,A0A1G9U394,,,
A0A258XAI0,0,A0A1G9U394,,,
A0A2A4U0X5,0,A0A1G9U394,,,
A0A2D6TUB8,0,A0A1G9U394,,,
A0A2E0Q8Y9,0,A0A1G9U394,,,
A0A2E0VZM3,0,A0A1G9U394,,,
A0A2E3ZL51,0,A0A1G9U394,ABV,167,N
A0A2E8T494,0,A0A1G9U394,,,
A0A2E9X0N9,0,A0A1G9U394,,,
A0A2G2CWH4,0,A0A1G9U394,ABV,167,N
A0A2G6EMA1,0,A0A1G9U394,ABV,167,N
A0A2H0FNN3,0,A0A1G9U394,ABV,167,N
A0A2H6B088,0,A0A1G9U394,,,
A0A2H6EMI6,0,A0A1G9U394,,,
A0A2M7MLQ6,0,A0A1G9U394,ABV,167,N
A0A2M7ZJH1,0,A0A1G9U394,ABV,167,N
A0A2M8UC05,0,A0A1G9U394,,,
A0A2S6Q5E7,0,A0A1G9U394,ABV,167,N
A0A2W5MRU5,0,A0A1G9U394,,,
A0A349ZVG7,0,A0A1G9U394,,,
A0A350YIH9,0,A0A1G9U394,,,
A0A352GMP1,0,A0A1G9U394,,,
A0A354V6I7,0,A0A1G9U394,,,
A0A371RIE3,0,A0A1G9U394,ABV,167,N
A0A3B9FHX1,0,A0A1G9U394,,,
A0A3D2SVK4,0,A0A1G9U394,,,
A0A3D5BCK8,0,A0A1G9U394,,,
A0A3D6BCJ5,0,A0A1G9U394,,,
A0A3M0WM71,0,A0A1G9U394,ABV,167,N
A0A413YR67,0,A0A1G9U394,,,
A0A419EZ69,0,A0A1G9U394,ABV,167,N
A0A496XSY2,0,A0A1G9U394,ABV,167,N
A0A4R2PLB4,0,A0A1G9U394,,,
A0A521GM51,0,A0A1G9U394,ABV,167,N
A0A523NAL8,0,A0A1G9U394,,,
A0A552VBB5,0,A0A1G9U394,,,
A0A6B1I1A8,0,A0A1G9U394,,,
A0A6J6P504,0,A0A1G9U394,ABV,167,N
A0A6L7TIU3,0,A0A1G9U394,,,
A0A6N2E563,0,A0A1G9U394,,,
A0A6V6ZJP0,0,A0A1G9U394,,,
A0A7C7WUQ5,0,A0A1G9U394,,,
A0A7T9FV53,0,A0A1G9U394,ABV,167,N
A0A7V4CTM1,0,A0A1G9U394,ABV,167,N
A0A7X3W155,0,A0A1G9U394,ABV,167,N
A0A7Y3RL53,0,A0A1G9U394,,,
A0A7Y5CVX0,0,A0A1G9U394,,,
A0A832G7B9,0,A0A1G9U394,ABV,167,N
A0A840AXT8,0,A0A1G9U394,,,
A0A840HZX6,0,A0A1G9U394,,,
A0A844YZE4,0,A0A1G9U394,ABV,167,N
A0A849NFM1,0,A0A1G9U394,,,
A0A8A6K8G8,0,A0A1G9U394,,,
E0TD25,0,A0A1G9U394,,,
E3PU94,0,A0A1G9U394,,,
J4K7G3,0,A0A1G9U394,,,
M4VEN3,0,A0A1G9U394,,,
T0RDF2,0,A0A1G9U394,,,
A0A4S3FPU2,1,A0A4S3FPU2,,,
A0A0B6RVS8,1,A0A4S3FPU2,,,
A0A0K8P218,1,A0A4S3FPU2,,,
A0A3N0VLG7,1,A0A4S3FPU2,,,
A0A519JK13,1,A0A4S3FPU2,,,
A0A6I6M9A9,1,A0A4S3FPU2,,,
A0A7H5FKZ0,1,A0A4S3FPU2,,,
A0A1H4FTZ5,2,A0A1H4FTZ5,,,
A0A4Q2MBS5,3,A0A4Q2MBS5,,,
A0A355VWH5,4,A0A355VWH5,,,
A0A101FLQ8,4,A0A355VWH5,,,
A0A1M3ILV3,4,A0A355VWH5,,,
A0A1M5RDL7,4,A0A355VWH5,,,
A0A1M5WKS7,4,A0A355VWH5,,,
A0A2D7C1Z8,4,A0A355VWH5,ABV,167,N
A0A2N0LXI9,4,A0A355VWH5,ABV,167,N
A0A2T4ILI6,4,A0A355VWH5,,,
A0A356FWA2,4,A0A355VWH5,,,
A0A388TCK3,4,A0A355VWH5,ABV,167,N
A0A3B9WXF3,4,A0A355VWH5,,,
A0A418RCX4,4,A0A355VWH5,ABV,167,N
A0A419T187,4,A0A355VWH5,ABV,167,N
A0A544Z6K7,4,A0A355VWH5,,,
A0A661AY62,4,A0A355VWH5,ABV,167,N
A0A661B2P9,4,A0A355VWH5,,,
A0A7C5URN7,4,A0A355VWH5,,,
A0A7C6GAY7,4,A0A355VWH5,,,
A0A7S9QB38,4,A0A355VWH5,,,
A0A7X2PIM1,4,A0A355VWH5,,,
A0A847P7P4,4,A0A355VWH5,,,
A0A847XEG5,4,A0A355VWH5,,,
B9Y4V4,4,A0A355VWH5,,,
U4KM42,4,A0A355VWH5,,,
A0A7V6GKM1,5,A0A7V6GKM1,ABV,167,N
A0A1I5PF33,5,A0A7V6GKM1,ABV,167,N
A0A7X7LQA7,5,A0A7V6GKM1,,,
A0A0N1MSG6,6,A0A0N1MSG6,,,
A0A1W6N493,7,A0A1W6N493,,,
A0A094PHM9,7,A0A1W6N493,ABV,167,N
A0A0R2TN39,7,A0A1W6N493,,,
A0A137SWS6,7,A0A1W6N493,ABV,167,N
A0A1V5VMV8,7,A0A1W6N493,,,
A0A1V6IJC5,7,A0A1W6N493,,,
A0A1W9SBW8,7,A0A1W6N493,,,
A0A233V8F3,7,A0A1W6N493,,,
A0A2D8Q8S9,7,A0A1W6N493,,,
A0A2E1U592,7,A0A1W6N493,,,
A0A397RVW2,7,A0A1W6N493,,,
A0A3D4MKV9,7,A0A1W6N493,,,
A0A4P5R6J4,7,A0A1W6N493,,,
A0A4P5TIL7,7,A0A1W6N493,,,
A0A4R1HNK6,7,A0A1W6N493,,,
A0A505H531,7,A0A1W6N493,ABV,167,N
A0A520KAC8,7,A0A1W6N493,,,
A0A523SWE6,7,A0A1W6N493,,,
A0A5C7P4D6,7,A0A1W6N493,ABV,167,N
A0A660R3R5,7,A0A1W6N493,,,
A0A660WN74,7,A0A1W6N493,,,
A0A7C6M4L0,7,A0A1W6N493,,,
A0A7C7ASI9,7,A0A1W6N493,,,
A0A7L4Q0N8,7,A0A1W6N493,ABV,167,N
A0A7S7SIJ9,7,A0A1W6N493,,,
A0A7T6VP44,7,A0A1W6N493,,,
A0A7V3P948,7,A0A1W6N493,ABV,167,N
A0A7V5YTN6,7,A0A1W6N493,,,
A0A7V6VSH7,7,A0A1W6N493,,,
A0A7V7CXE6,7,A0A1W6N493,ABV,167,N
A0A7W8KL83,7,A0A1W6N493,ABV,167,N
A0A7Z9IVR0,7,A0A1W6N493,ABV,167,N
A0A847QCR0,7,A0A1W6N493,,,
A3WCX1,7,A0A1W6N493,ABV,167,N
A6VF53,7,A0A1W6N493,,,
M4VAE9,7,A0A1W6N493,ABV,167,N
R5M408,7,A0A1W6N493,,,
R6AJH4,7,A0A1W6N493,,,
R6C3P6,7,A0A1W6N493,,,
R6HQW7,7,A0A1W6N493,,,
R6UE32,7,A0A1W6N493,,,
R7EWS7,7,A0A1W6N493,,,
R7KBT5,7,A0A1W6N493,,,
R7M3P4,7,A0A1W6N493,,,
A0A5M6CNQ1,8,A0A5M6CNQ1,,,
A0A0E9LYI2,8,A0A5M6CNQ1,ABV,167,N
A0A1X9SRA3,8,A0A5M6CNQ1,,,
A0A356L7L1,8,A0A5M6CNQ1,,,
A0A3N7AA67,8,A0A5M6CNQ1,,,
A0A537NT10,8,A0A5M6CNQ1,,,
A0A7X9AGR1,8,A0A5M6CNQ1,ABV,167,N
A0A847LHB2,8,A0A5M6CNQ1,,,
G7V723,8,A0A5M6CNQ1,,,
A0A6C0DTH9,9,A0A6C0DTH9,,,
A0A0K1P648,9,A0A6C0DTH9,,,
A0A292Q4Z8,9,A0A6C0DTH9,,,
A0A6C0BB04,9,A0A6C0DTH9,,,
A0A6C0CG19,9,A0A6C0DTH9,,,
A0A6C0D1B2,9,A0A6C0DTH9,ABV,167,N
A0A6C0EKK0,9,A0A6C0DTH9,,,
A0A6C0FBZ9,9,A0A6C0DTH9,,,
A0A6C0H128,9,A0A6C0DTH9,,,
A0A6C0H504,9,A0A6C0DTH9,,,
A0A6C0KVV9,9,A0A6C0DTH9,,,
A0A6N1DU33,9,A0A6C0DTH9,,,
A0A527JSH3,10,A0A527JSH3,GC1,22,N
A0A497JJN6,11,A0A497JJN6,,,
A0A7K3ZSU2,12,A0A7K3ZSU2,GC1,22,N
A0A357WJE5,13,A0A357WJE5,,,
A0A1W9PEG0,13,A0A357WJE5,,,
A0A2N6UGT5,13,A0A357WJE5,,,
A0A3D3CDB3,13,A0A357WJE5,,,
A0A432T6B3,13,A0A357WJE5,,,
A0A521IRS7,13,A0A357WJE5,,,
A0A661BC76,13,A0A357WJE5,,,
A0A7C5W056,13,A0A357WJE5,,,
K1SGJ0,13,A0A357WJE5,,,
A0A226DTN9,14,A0A226DTN9,,,
A0A1V1W3C9,15,A0A1V1W3C9,GC1,22,N
A0A1Q8UWU9,15,A0A1V1W3C9,,,
A0A4R1NMB7,16,A0A4R1NMB7,,,
A0A1D3DDZ2,16,A0A4R1NMB7,GC1,22,N
A0A243S4U9,16,A0A4R1NMB7,GC1,22,N
A0A2E5H2J7,16,A0A4R1NMB7,,,
A0A2J0Q4C6,16,A0A4R1NMB7,,,
A0A418KJB3,16,A0A4R1NMB7,GC1,22,N
A0A7U9JPA3,16,A0A4R1NMB7,GC1,22,N
A0A7Z7FL53,16,A0A4R1NMB7,,,
A0A5M4BBE0,17,A0A5M4BBE0,,,
A0A6L5XVV0,18,A0A6L5XVV0,GC1,22,N
A0A1H4GIG8,18,A0A6L5XVV0,,,
A0A503XKI4,19,A0A503XKI4,GC1,22,N
A0A4S0RWS9,19,A0A503XKI4,GC1,22,N
A0A4V1RWN1,19,A0A503XKI4,,,
A0A7G6SG23,19,A0A503XKI4,GC1,22,N
A0A1G2E391,20,A0A1G2E391,GC1,22,N
A0A6P2FKD1,21,A0A6P2FKD1,,,
A0A0N8S0G9,21,A0A6P2FKD1,,,
A0A137SGJ6,21,A0A6P2FKD1,,,
A0A285Q5V7,21,A0A6P2FKD1,,,
A0A2E2J9K8,21,A0A6P2FKD1,,,
A0A2N8BHL1,21,A0A6P2FKD1,ABV,167,N
A0A2R7SU39,21,A0A6P2FKD1,,,
A0A2W5E343,21,A0A6P2FKD1,,,
A0A352IU91,21,A0A6P2FKD1,,,
A0A396SCF8,21,A0A6P2FKD1,ABV,167,N
A0A4Q5VAV9,21,A0A6P2FKD1,,,
A0A4Q9XS93,21,A0A6P2FKD1,,,
A0A5Q2QDN1,21,A0A6P2FKD1,,,
A0A6B0YER3,21,A0A6P2FKD1,,,
A0A6L7MQ31,21,A0A6P2FKD1,,,
A0A7L9U4A9,21,A0A6P2FKD1,,,
A0A7Y0C628,21,A0A6P2FKD1,,,
A0A7Y6YAZ3,21,A0A6P2FKD1,,,
A0A840U9H6,21,A0A6P2FKD1,,,
K4KM00,21,A0A6P2FKD1,,,
R8B0G6,21,A0A6P2FKD1,,,
H1KC48,22,H1KC48,GC1,22,Y
A0A067Z6J5,22,H1KC48,GC1,22,Y
A0A1I2MCS7,22,H1KC48,GC1,22,Y
A0A1U9KRH7,22,H1KC48,GC1,22,Y
A0A5C0A6P1,22,H1KC48,GC1,22,Y
C7C7P3,22,H1KC48,GC1,22,Y
GC1,22,H1KC48,,,
A0A2X0IFC1,23,A0A2X0IFC1,,,
A0A2D6I2L2,23,A0A2X0IFC1,,,
A0A370RT86,23,A0A2X0IFC1,,,
A0A3C0FQ12,23,A0A2X0IFC1,,,
A0A3D3J3H7,23,A0A2X0IFC1,,,
A0A7K0LVF3,23,A0A2X0IFC1,,,
A0A7K2ZG18,23,A0A2X0IFC1,,,
A0A7X8DKS9,23,A0A2X0IFC1,,,
A0A847IC38,23,A0A2X0IFC1,ABV,167,N
G9X9W6,23,A0A2X0IFC1,,,
A0A243W9T4,24,A0A243W9T4,,,
A0A535UN72,24,A0A243W9T4,,,
A0A0L0BZD0,25,A0A0L0BZD0,Chedec11,134,N
A0A4Q0GJ49,26,A0A4Q0GJ49,,,
A0A3N5PUP2,27,A0A3N5PUP2,,,
A0A2H0Z440,27,A0A3N5PUP2,ABV,167,N
A0A6G0AGT9,27,A0A3N5PUP2,ABV,167,N
A0A7W1T642,28,A0A7W1T642,GC1,22,N
A0A6M3K452,29,A0A6M3K452,GC1,22,N
A0A345C9M5,29,A0A6M3K452,GC1,22,N
A0A345CE54,29,A0A6M3K452,GC1,22,N
A0A4S0ZS39,29,A0A6M3K452,GC1,22,N
A0A5B0W2Z2,29,A0A6M3K452,GC1,22,N
A0A5C7PSK2,29,A0A6M3K452,,,
A0A6M3MGJ1,29,A0A6M3K452,GC1,22,N
A0A3C0ESI0,30,A0A3C0ESI0,,,
A0A2E2N5H0,30,A0A3C0ESI0,,,
A0A2V2GVM2,30,A0A3C0ESI0,,,
A0A426CMK0,30,A0A3C0ESI0,,,
A0A7G5ZLN6,30,A0A3C0ESI0,,,
W0JAB4,30,A0A3C0ESI0,,,
A0A7W2LK30,31,A0A7W2LK30,,,
A0A7H8GT30,31,A0A7W2LK30,GC1,22,N
A0A843HR60,31,A0A7W2LK30,GC1,22,N
D0DUM1,32,D0DUM1,GC1,22,N
A0A2N3Z1R9,33,A0A2N3Z1R9,GC1,22,N
A0A1I3GDF6,33,A0A2N3Z1R9,GC1,22,N
A0A4R7JEJ8,33,A0A2N3Z1R9,GC1,22,N
A0A7K1FMV7,33,A0A2N3Z1R9,,,
A0A7L7MLS5,34,A0A7L7MLS5,,,
A0A151FI30,34,A0A7L7MLS5,GC1,22,N
A0A0N1H5C3,35,A0A0N1H5C3,GC1,22,N
A0A6C2DM62,36,A0A6C2DM62,,,
A0A839V428,36,A0A6C2DM62,,,
E7S0A3,36,A0A6C2DM62,,,
A0A840ZYT8,37,A0A840ZYT8,,,
A0A160PIQ6,37,A0A840ZYT8,GC1,22,N
A0A5C4T5Y5,37,A0A840ZYT8,GC1,22,N
A0A522PQM4,38,A0A522PQM4,,,
A0A1C5LIQ1,39,A0A1C5LIQ1,,,
A0A1V5MQJ2,39,A0A1C5LIQ1,,,
A0A2J0MRP4,39,A0A1C5LIQ1,,,
A0A371F760,39,A0A1C5LIQ1,,,
A0A519S7J9,39,A0A1C5LIQ1,,,
A0A521ZP97,39,A0A1C5LIQ1,,,
A0A554M8M4,39,A0A1C5LIQ1,,,
A0A5C8DM70,39,A0A1C5LIQ1,,,
A0A7N0RBI0,39,A0A1C5LIQ1,,,
A0A7V6YX77,39,A0A1C5LIQ1,,,
A0A7X8Z803,39,A0A1C5LIQ1,,,
D8R857,39,A0A1C5LIQ1,,,
R6C3U9,39,A0A1C5LIQ1,,,
S8D2G5,39,A0A1C5LIQ1,,,
W4UVT7,39,A0A1C5LIQ1,,,
A0A292YF74,40,A0A292YF74,,,
A0A3D8IWE2,40,A0A292YF74,,,
A0A6A0QRL4,41,A0A6A0QRL4,,,
A0A496ZPU2,41,A0A6A0QRL4,,,
A0A7Y5Q1H7,42,A0A7Y5Q1H7,,,
A0A1H2YKK2,42,A0A7Y5Q1H7,,,
A0A2Z3GKT8,42,A0A7Y5Q1H7,,,
A0A534XEK0,42,A0A7Y5Q1H7,,,
A0A553G539,43,A0A553G539,,,
A0A240AR21,44,A0A240AR21,ABV,167,N
A0A3G6J916,44,A0A240AR21,,,
A0A6H5HNL6,45,A0A6H5HNL6,ABV,167,N
A0A7W6GUR6,46,A0A7W6GUR6,GC1,22,N
V4Q727,47,V4Q727,,,
A0A0A3HS16,47,V4Q727,,,
A0A502GVV3,47,V4Q727,,,
A0A538T4V1,47,V4Q727,,,
A0A5C4SYB2,47,V4Q727,,,
A0A7G5E1R8,47,V4Q727,,,
A0A7G6RSF9,47,V4Q727,,,
A0A7Y9KJF2,47,V4Q727,GC1,22,N
M0MAY7,47,V4Q727,,,
A0A6G8NFT2,48,A0A6G8NFT2,GC1,22,N
A0A8A5Z1U8,49,A0A8A5Z1U8,GC1,22,N
A0A5C4TF60,50,A0A5C4TF60,GC1,22,N
A0A109K522,50,A0A5C4TF60,,,
A0A1H0DZL4,50,A0A5C4TF60,,,
A0A1W6YPI8,50,A0A5C4TF60,GC1,22,N
A0A3G3JZW6,50,A0A5C4TF60,GC1,22,N
A0A420VIW6,50,A0A5C4TF60,GC1,22,N
A0A4R7HF59,50,A0A5C4TF60,,,
A0A7U0Y4R6,50,A0A5C4TF60,GC1,22,N
A0A7W7WRF2,50,A0A5C4TF60,,,
A0A6I6DS18,51,A0A6I6DS18,GC1,22,N
A0A0F9S655,51,A0A6I6DS18,GC1,22,N
A0A101GW11,51,A0A6I6DS18,GC1,22,N
A0A1I3EB07,51,A0A6I6DS18,,,
A0A1P8QQ40,51,A0A6I6DS18,GC1,22,N
A0A2V9L804,51,A0A6I6DS18,,,
A0A2V9MFZ3,51,A0A6I6DS18,,,
A0A497J818,51,A0A6I6DS18,,,
A0A5Q4G1Q9,51,A0A6I6DS18,GC1,22,N
A0A662JBH3,51,A0A6I6DS18,,,
A0A840XA00,51,A0A6I6DS18,,,
A0A1F7AEA2,52,A0A1F7AEA2,,,
PiAdV-1,53,PiAdV-1,,,
BAdV-3,53,PiAdV-1,,,
CPAdV-2,53,PiAdV-1,,,
CrAdV-1,53,PiAdV-1,,,
DAdV-1,53,PiAdV-1,,,
EAdV-1,53,PiAdV-1,,,
FAdV-8,53,PiAdV-1,,,
GAdV-4,53,PiAdV-1,,,
PAdV-4,53,PiAdV-1,,,
PsAdV-3,53,PiAdV-1,,,
hAd2,53,PiAdV-1,,,
A0A7J2RCA5,54,A0A7J2RCA5,,,
A0A819F8V4,54,A0A7J2RCA5,,,
A0A4R7TY55,55,A0A4R7TY55,ABV,167,N
A0A327HLC7,55,A0A4R7TY55,,,
A0A846KQ25,56,A0A846KQ25,,,
A0A354LTD1,56,A0A846KQ25,,,
A0A359ITG1,57,A0A359ITG1,,,
A0A838TIV7,58,A0A838TIV7,,,
A0A3B0CQ91,58,A0A838TIV7,,,
A0A5C1G5X2,59,A0A5C1G5X2,GC1,22,N
A0A4Q2UPU1,60,A0A4Q2UPU1,GC1,22,N
A0A329LCI2,60,A0A4Q2UPU1,,,
A0A3B0FLW0,60,A0A4Q2UPU1,GC1,22,N
A0A3D5NWY9,60,A0A4Q2UPU1,GC1,22,N
A0A3N5LMV6,60,A0A4Q2UPU1,,,
A0A5C4T3H0,60,A0A4Q2UPU1,,,
A0A6G0EU44,60,A0A4Q2UPU1,GC1,22,N
A0A7W4IJ14,60,A0A4Q2UPU1,,,
A0A2E9X9P6,61,A0A2E9X9P6,,,
A0A356F4M7,61,A0A2E9X9P6,,,
A0A645BM68,61,A0A2E9X9P6,,,
A0A1B7HQU9,62,A0A1B7HQU9,,,
A0A6G7R923,62,A0A1B7HQU9,GC1,22,N
A0A7W2WLJ0,62,A0A1B7HQU9,GC1,22,N
A0A350SYG9,63,A0A350SYG9,ABV,167,N
A0A0F2HAQ8,63,A0A350SYG9,,,
A0A1F3X0Y1,63,A0A350SYG9,,,
A0A2E3M3S3,63,A0A350SYG9,,,
A0A2T5NZ93,63,A0A350SYG9,,,
A0A3B6W1S6,63,A0A350SYG9,,,
A0A520GEF0,63,A0A350SYG9,ABV,167,N
A0A523WIJ5,63,A0A350SYG9,ABV,167,N
A0A554X8D9,63,A0A350SYG9,ABV,167,N
F9ZNW0,63,A0A350SYG9,,,
A0A7W8N2S1,64,A0A7W8N2S1,,,
A0A151Z8Q3,64,A0A7W8N2S1,,,
A0A2W6YQN3,64,A0A7W8N2S1,,,
A0A7W7ES39,65,A0A7W7ES39,GC1,22,N
A0A3B0BFA8,65,A0A7W7ES39,,,
A0A3B0CEW9,65,A0A7W7ES39,,,
A0A5N7MBW7,65,A0A7W7ES39,,,
A0A7X5N9X3,65,A0A7W7ES39,GC1,22,N
A0A850NSJ1,65,A0A7W7ES39,,,
A0A6J5CTY9,66,A0A6J5CTY9,,,
A0A069PNY8,66,A0A6J5CTY9,,,
A0A0G3EFM8,66,A0A6J5CTY9,GC1,22,N
A0A2N0XEF9,66,A0A6J5CTY9,,,
A0A2W4IU19,66,A0A6J5CTY9,,,
A0A7W1N9W3,67,A0A7W1N9W3,,,
A0A1Y6BLT6,67,A0A7W1N9W3,,,
A0A7X6WFR4,68,A0A7X6WFR4,ABV,167,N
A0A1V6N0E7,69,A0A1V6N0E7,GC1,22,N
A0A7J4V989,70,A0A7J4V989,,,
A0A2G6ID27,70,A0A7J4V989,,,
A0A382C950,70,A0A7J4V989,,,
A0A7V2AL84,70,A0A7J4V989,,,
A0A831SH43,71,A0A831SH43,,,
A0A496SSB2,71,A0A831SH43,,,
A0A836RHF6,71,A0A831SH43,,,
A0A432QNW6,72,A0A432QNW6,,,
A0A7V8LI21,73,A0A7V8LI21,,,
A0A0L0CG65,74,A0A0L0CG65,ABV,167,N
A0A533I0L1,74,A0A0L0CG65,ABV,167,N
A0A7X8BFV1,75,A0A7X8BFV1,,,
A0A357PR81,75,A0A7X8BFV1,ABV,167,N
A0A0Q7T8Y0,76,A0A0Q7T8Y0,,,
A0A0A1P929,76,A0A0Q7T8Y0,GC1,22,N
A0A0L1C4W2,76,A0A0Q7T8Y0,,,
A0A147FSB9,76,A0A0Q7T8Y0,,,
A0A163I456,76,A0A0Q7T8Y0,,,
A0A1I1IRU1,76,A0A0Q7T8Y0,,,
A0A1I4U126,76,A0A0Q7T8Y0,,,
A0A2E7D9P0,76,A0A0Q7T8Y0,,,
A0A329M4D7,76,A0A0Q7T8Y0,GC1,22,N
A0A4U1L4N0,76,A0A0Q7T8Y0,GC1,22,N
A0A5B2X4H8,76,A0A0Q7T8Y0,,,
A0A6G4R0K0,76,A0A0Q7T8Y0,,,
A0A6L7GK00,76,A0A0Q7T8Y0,,,
A0A7G8URD8,76,A0A0Q7T8Y0,,,
A0A7Z7AU47,76,A0A0Q7T8Y0,,,
A0A819B8G2,76,A0A0Q7T8Y0,,,
A0A840XEM5,76,A0A0Q7T8Y0,,,
A0A897MUA0,76,A0A0Q7T8Y0,,,
F8JI49,76,A0A0Q7T8Y0,,,
A0A1C0S8U8,77,A0A1C0S8U8,,,
A0A1I3F291,77,A0A1C0S8U8,,,
A0A4Q7DHC5,77,A0A1C0S8U8,,,
A0A842VHF9,77,A0A1C0S8U8,,,
A0A8A7GAE5,78,A0A8A7GAE5,,,
A0A1D7QE12,78,A0A8A7GAE5,,,
A0A1H1GMG2,78,A0A8A7GAE5,,,
A0A1I3AA39,78,A0A8A7GAE5,,,
A0A1Y2D0J7,78,A0A8A7GAE5,,,
A0A1Y2QQ18,78,A0A8A7GAE5,GC1,22,N
A0A2M7RBY5,78,A0A8A7GAE5,,,
A0A2T3D0S5,78,A0A8A7GAE5,,,
A0A2V7DTX7,78,A0A8A7GAE5,GC1,22,N
A0A3D1URU4,78,A0A8A7GAE5,,,
A0A4Q5NDZ4,78,A0A8A7GAE5,GC1,22,N
A0A4Q5NR54,78,A0A8A7GAE5,,,
A0A5B8LG98,78,A0A8A7GAE5,,,
A0A6M3IJ90,78,A0A8A7GAE5,,,
A0A7W5YW38,78,A0A8A7GAE5,GC1,22,N
A0A7X0GCN0,78,A0A8A7GAE5,,,
A9TR30,78,A0A8A7GAE5,,,
D7E7S8,78,A0A8A7GAE5,,,
E2NAR3,78,A0A8A7GAE5,,,
A0A2M8FBT0,79,A0A2M8FBT0,,,
A0A0D6NK19,79,A0A2M8FBT0,,,
A0A0H4CCP7,79,A0A2M8FBT0,,,
A0A0M8WY73,79,A0A2M8FBT0,,,
A0A0Q6JRQ9,79,A0A2M8FBT0,,,
A0A0S2G4E3,79,A0A2M8FBT0,,,
A0A0S9PV56,79,A0A2M8FBT0,,,
A0A1E5VDY3,79,A0A2M8FBT0,,,
A0A1H2A286,79,A0A2M8FBT0,,,
A0A1H7UZN4,79,A0A2M8FBT0,,,
A0A1Q3EIW7,79,A0A2M8FBT0,,,
A0A1V5N9M9,79,A0A2M8FBT0,,,
A0A233S1K3,79,A0A2M8FBT0,,,
A0A261Y1W6,79,A0A2M8FBT0,,,
A0A2E2B4V4,79,A0A2M8FBT0,,,
A0A2N1VLL4,79,A0A2M8FBT0,,,
A0A2N2BBT5,79,A0A2M8FBT0,,,
A0A2S8PY21,79,A0A2M8FBT0,,,
A0A372NN14,79,A0A2M8FBT0,,,
A0A3S0D9T7,79,A0A2M8FBT0,,,
A0A418YGD3,79,A0A2M8FBT0,,,
A0A420X798,79,A0A2M8FBT0,,,
A0A446RV51,79,A0A2M8FBT0,,,
A0A4Q3SV72,79,A0A2M8FBT0,,,
A0A4Q7YW97,79,A0A2M8FBT0,,,
A0A4R0Z5P0,79,A0A2M8FBT0,,,
A0A4S4FMD4,79,A0A2M8FBT0,,,
A0A4Y7WWW6,79,A0A2M8FBT0,,,
A0A535HK61,79,A0A2M8FBT0,,,
A0A5A7NZL0,79,A0A2M8FBT0,,,
A0A5R8Q7M0,79,A0A2M8FBT0,,,
A0A6A2FBN9,79,A0A2M8FBT0,,,
A0A6B0TBI3,79,A0A2M8FBT0,,,
A0A6C2U1S3,79,A0A2M8FBT0,,,
A0A6G2WQY9,79,A0A2M8FBT0,,,
A0A6I3JCZ2,79,A0A2M8FBT0,,,
A0A6I4YMF7,79,A0A2M8FBT0,,,
A0A6J1H7Y9,79,A0A2M8FBT0,,,
A0A6P1MFD5,79,A0A2M8FBT0,,,
A0A7C5ZZB0,79,A0A2M8FBT0,,,
A0A7G9NU52,79,A0A2M8FBT0,,,
A0A7S2ZV13,79,A0A2M8FBT0,,,
A0A7S3EBG0,79,A0A2M8FBT0,,,
A0A7X2LXY1,79,A0A2M8FBT0,,,
A0A819BCF5,79,A0A2M8FBT0,,,
A0A847YPT7,79,A0A2M8FBT0,,,
A0A849PW09,79,A0A2M8FBT0,,,
A0A8A3R5J8,79,A0A2M8FBT0,,,
A0A495GE66,80,A0A495GE66,,,
A0A7H2BGB1,80,A0A495GE66,,,
A0A1G8CGP9,81,A0A1G8CGP9,,,
A0A6B3FWQ0,82,A0A6B3FWQ0,,,
A0A2D5ZYU0,83,A0A2D5ZYU0,,,
A0A1G0P163,84,A0A1G0P163,ABV,167,N
A0A6L3ZK38,84,A0A1G0P163,ABV,167,N
A0A7X9HS62,84,A0A1G0P163,ABV,167,N
A0A3T0K6Q9,85,A0A3T0K6Q9,,,
A0A059KSE3,85,A0A3T0K6Q9,,,
A0A350CNF5,85,A0A3T0K6Q9,,,
A0A352EBP2,85,A0A3T0K6Q9,,,
A0A3M2ZVM5,85,A0A3T0K6Q9,,,
A0A3M5F746,85,A0A3T0K6Q9,,,
A0A4Q5VM93,85,A0A3T0K6Q9,,,
A0A6N3UDU0,85,A0A3T0K6Q9,,,
A0A7R7DB09,85,A0A3T0K6Q9,,,
A0A7Y9W9E0,85,A0A3T0K6Q9,,,
M2AR70,86,M2AR70,,,
A0A1H3K022,87,A0A1H3K022,ABV,167,N
A0A523WCT0,88,A0A523WCT0,,,
A0A0A8XD65,88,A0A523WCT0,,,
A0A0S8HCY3,88,A0A523WCT0,,,
A0A1C0Z251,88,A0A523WCT0,,,
A0A1I6WHJ3,88,A0A523WCT0,,,
A0A1T5A5E6,88,A0A523WCT0,,,
A0A2E0QVR7,88,A0A523WCT0,,,
A0A2N0F2C2,88,A0A523WCT0,,,
A0A3A0B6X7,88,A0A523WCT0,,,
A0A3B0CAE1,88,A0A523WCT0,,,
A0A3B1EJS3,88,A0A523WCT0,,,
A0A3B8IWX7,88,A0A523WCT0,,,
A0A3L7WCL5,88,A0A523WCT0,,,
A0A497AQ50,88,A0A523WCT0,,,
A0A522R804,88,A0A523WCT0,,,
A0A540V5F4,88,A0A523WCT0,,,
A0A5B8Z1B8,88,A0A523WCT0,,,
A0A7C1ECU4,88,A0A523WCT0,GC1,22,N
A0A7C5JMW9,88,A0A523WCT0,,,
A0A7V1GU60,88,A0A523WCT0,,,
A0A7Y4ZJS3,88,A0A523WCT0,,,
H8KMQ8,88,A0A523WCT0,,,
W2UNS0,88,A0A523WCT0,,,
A0A7Y8HX64,89,A0A7Y8HX64,,,
A0A7G2LTY2,90,A0A7G2LTY2,,,
A0A848S859,90,A0A7G2LTY2,ABV,167,N
A0A6P5EZW3,91,A0A6P5EZW3,,,
A0A060VVN7,91,A0A6P5EZW3,,,
A0A0N8K0R9,91,A0A6P5EZW3,ABV,167,N
A0A133VMQ5,91,A0A6P5EZW3,,,
A0A151F7D8,91,A0A6P5EZW3,,,
A0A1Y2EQU7,91,A0A6P5EZW3,ABV,167,N
A0A218NLW8,91,A0A6P5EZW3,,,
A0A2E9R5Q7,91,A0A6P5EZW3,,,
A0A2T0FPY0,91,A0A6P5EZW3,ABV,167,N
A0A453QXP5,91,A0A6P5EZW3,,,
A0A4T0R1R8,91,A0A6P5EZW3,ABV,167,N
A0A5A7RK95,91,A0A6P5EZW3,ABV,167,N
A0A5D2H8B9,91,A0A6P5EZW3,,,
A0A5E4JHZ8,91,A0A6P5EZW3,,,
A0A642V4I0,91,A0A6P5EZW3,,,
A0A670Z3M5,91,A0A6P5EZW3,ABV,167,N
A0A6A7BNQ1,91,A0A6P5EZW3,,,
A0A6I9YVI6,91,A0A6P5EZW3,,,
A0A6J2VL06,91,A0A6P5EZW3,,,
A0A6P9CA11,91,A0A6P5EZW3,ABV,167,N
A0A7I8JZR1,91,A0A6P5EZW3,,,
A0A7J4LZ98,91,A0A6P5EZW3,,,
A0A7N0R8K3,91,A0A6P5EZW3,,,
A0A834LX34,91,A0A6P5EZW3,,,
C7DHG0,91,A0A6P5EZW3,,,
I0YUL7,91,A0A6P5EZW3,,,
Q0W8X8,91,A0A6P5EZW3,,,
V9KX68,91,A0A6P5EZW3,ABV,167,N
A0A1M5ZES5,92,A0A1M5ZES5,,,
A0A1D2XDZ8,92,A0A1M5ZES5,,,
A0A521K7N5,92,A0A1M5ZES5,,,
A0A7J3WMV2,93,A0A7J3WMV2,,,
A0A6C0BBV7,94,A0A6C0BBV7,,,
A0A3C1PWK0,95,A0A3C1PWK0,,,
A0A849DD81,96,A0A849DD81,,,
A0A6J4FEZ0,97,A0A6J4FEZ0,,,
A0A076FI85,97,A0A6J4FEZ0,ABV,167,N
A0A1I3V0H4,97,A0A6J4FEZ0,,,
H8FQQ3,97,A0A6J4FEZ0,ABV,167,N
A0A2W6WNQ3,98,A0A2W6WNQ3,,,
A0A842PB43,99,A0A842PB43,viph1008o,151,N
A0A2C8F574,100,A0A2C8F574,,,
A0A1I7AHX2,100,A0A2C8F574,,,
A0A2U3K802,100,A0A2C8F574,,,
A0A2V9A7U5,100,A0A2C8F574,,,
A0A3N4Z2Z2,100,A0A2C8F574,,,
A0A7C1R4B1,100,A0A2C8F574,ABV,167,N
H0HY68,100,A0A2C8F574,ABV,167,N
A0A1V5UIJ0,101,A0A1V5UIJ0,,,
A0A1D2TJZ2,102,A0A1D2TJZ2,,,
A0A0F8YVK6,102,A0A1D2TJZ2,,,
A0A0F8YYJ3,102,A0A1D2TJZ2,,,
A0A0F9CZ39,102,A0A1D2TJZ2,,,
A0A1C4UKW0,102,A0A1D2TJZ2,,,
A0A1I3EJN4,102,A0A1D2TJZ2,,,
A0A2V8EGK5,102,A0A1D2TJZ2,,,
A0A327Z8Q6,102,A0A1D2TJZ2,,,
A0A401QMS0,102,A0A1D2TJZ2,,,
A0A553E5A3,102,A0A1D2TJZ2,,,
A0A5J4XGG9,102,A0A1D2TJZ2,,,
A0A5J5CFM8,102,A0A1D2TJZ2,,,
A0A7C0YX02,102,A0A1D2TJZ2,,,
A0A7J4F2E4,102,A0A1D2TJZ2,,,
A0A7S0BUE4,102,A0A1D2TJZ2,,,
A0A7S6MUY3,102,A0A1D2TJZ2,,,
A0A7Y0I0U1,102,A0A1D2TJZ2,,,
A0A836DKX4,102,A0A1D2TJZ2,,,
A0A8B3CC56,102,A0A1D2TJZ2,,,
J3JD07,102,A0A1D2TJZ2,,,
A0A0H2SJ32,103,A0A0H2SJ32,,,
A0A7G1G253,103,A0A0H2SJ32,,,
A0A523QVP5,104,A0A523QVP5,,,
A0A2W4L3C4,104,A0A523QVP5,,,
A0A523R7I8,104,A0A523QVP5,ABV,167,N
A0A524KIH5,104,A0A523QVP5,ABV,167,N
A0A832I1B4,105,A0A832I1B4,,,
A0A3B0SYM5,106,A0A3B0SYM5,,,
A0A0U5F0N2,106,A0A3B0SYM5,,,
A0A352H834,106,A0A3B0SYM5,,,
A0A7C1TTZ1,106,A0A3B0SYM5,,,
A0A7V2W8N6,106,A0A3B0SYM5,,,
A0A7Y5FSS0,107,A0A7Y5FSS0,ABV,167,N
A0A5C7PZH5,107,A0A7Y5FSS0,,,
A0A662KWT7,107,A0A7Y5FSS0,,,
A0A7X7ZKS6,107,A0A7Y5FSS0,,,
A0A2D6XD80,108,A0A2D6XD80,,,
A0A069CWL0,108,A0A2D6XD80,,,
A0A097ENH1,108,A0A2D6XD80,,,
A0A0F3IMN9,108,A0A2D6XD80,,,
A0A0Q6CAS4,108,A0A2D6XD80,,,
A0A0R2DVT2,108,A0A2D6XD80,ABV,167,N
A0A142XW82,108,A0A2D6XD80,,,
A0A1B9YEN4,108,A0A2D6XD80,,,
A0A1G0HWF1,108,A0A2D6XD80,ABV,167,N
A0A1M6GAE2,108,A0A2D6XD80,,,
A0A1V6CI37,108,A0A2D6XD80,,,
A0A1Y4EVL6,108,A0A2D6XD80,,,
A0A1Z5IR95,108,A0A2D6XD80,ABV,167,N
A0A2D5F9Z8,108,A0A2D6XD80,,,
A0A2D6XBJ2,108,A0A2D6XD80,,,
A0A2D9C4R7,108,A0A2D6XD80,,,
A0A2D9C5N1,108,A0A2D6XD80,ABV,167,N
A0A2D9C8Y6,108,A0A2D6XD80,,,
A0A2D9CET8,108,A0A2D6XD80,,,
A0A2D9CGG8,108,A0A2D6XD80,,,
A0A2D9QDN0,108,A0A2D6XD80,,,
A0A2E0FM74,108,A0A2D6XD80,ABV,167,N
A0A2E2D771,108,A0A2D6XD80,,,
A0A348FZE1,108,A0A2D6XD80,,,
A0A350BVL9,108,A0A2D6XD80,,,
A0A351D2Q5,108,A0A2D6XD80,ABV,167,N
A0A356J474,108,A0A2D6XD80,,,
A0A3B9WYA0,108,A0A2D6XD80,,,
A0A3C0GK00,108,A0A2D6XD80,ABV,167,N
A0A3N5PIH7,108,A0A2D6XD80,,,
A0A433CKI3,108,A0A2D6XD80,ABV,167,N
A0A495SNW1,108,A0A2D6XD80,,,
A0A497P0Q3,108,A0A2D6XD80,ABV,167,N
A0A497P986,108,A0A2D6XD80,ABV,167,N
A0A497PDQ5,108,A0A2D6XD80,,,
A0A497PHW5,108,A0A2D6XD80,ABV,167,N
A0A4R5AUQ1,108,A0A2D6XD80,,,
A0A510VS62,108,A0A2D6XD80,,,
A0A5C2FIG8,108,A0A2D6XD80,,,
A0A5C7P0Q3,108,A0A2D6XD80,,,
A0A5C7P550,108,A0A2D6XD80,ABV,167,N
A0A5C8B335,108,A0A2D6XD80,,,
A0A6G7XI10,108,A0A2D6XD80,,,
A0A6M1NDK5,108,A0A2D6XD80,,,
A0A6M3Y0Y1,108,A0A2D6XD80,,,
A0A6N8TQN8,108,A0A2D6XD80,,,
A0A7C5WUZ4,108,A0A2D6XD80,,,
A0A7H9CND5,108,A0A2D6XD80,,,
A0A7S9S4Y9,108,A0A2D6XD80,,,
A0A7S9Y9Y6,108,A0A2D6XD80,,,
A0A7Y1T2E7,108,A0A2D6XD80,,,
A0A7Y1VQD3,108,A0A2D6XD80,ABV,167,N
A0A825MRR2,108,A0A2D6XD80,ABV,167,N
A0A843GNI8,108,A0A2D6XD80,,,
A0A846LX61,108,A0A2D6XD80,ABV,167,N
M3JBV3,108,A0A2D6XD80,,,
X0TCP3,108,A0A2D6XD80,,,
A0A7V9E986,109,A0A7V9E986,ABV,167,N
Av1,110,Av1,,,
Ayka,110,Av1,,,
Curie,110,Av1,,,
Evcara,110,Av1,,,
PineapplePizza,110,Av1,,,
Tillums,110,Av1,,,
Voltaire,110,Av1,,,
A0A1B3PKE8,111,A0A1B3PKE8,,,
A0A0F9A4V3,111,A0A1B3PKE8,,,
A0A2D6FIX7,111,A0A1B3PKE8,,,
A0A2D9KYI2,111,A0A1B3PKE8,ABV,167,N
A0A3M0Y5E2,111,A0A1B3PKE8,,,
A0A850BK25,111,A0A1B3PKE8,,,
E8T6V3,112,E8T6V3,ABV,167,N
A0A6C1BTF0,112,E8T6V3,ABV,167,N
A0A7C7PT03,112,E8T6V3,ABV,167,N
A0A4Q0MDR8,113,A0A4Q0MDR8,,,
A0A1W9NXC5,114,A0A1W9NXC5,ABV,167,N
A0A382E0U9,115,A0A382E0U9,DSL-LC02,157,N
A0A382FHM0,115,A0A382E0U9,DSL-LC02,157,N
A0A382SGJ1,115,A0A382E0U9,DSL-LC02,157,N
A0A7Z9QIA7,115,A0A382E0U9,DSL-LC02,157,N
A0A849WNG4,116,A0A849WNG4,,,
A0A1B0Z233,117,A0A1B0Z233,,,
B5Y9B0,117,A0A1B0Z233,,,
A0A6M8WFB0,118,A0A6M8WFB0,,,
A0A2N2UGX2,118,A0A6M8WFB0,,,
A0A4V1UIR9,118,A0A6M8WFB0,,,
A0A7V8L9C3,118,A0A6M8WFB0,,,
A0A2P6NW44,119,A0A2P6NW44,ABV,167,N
A0A3M7QT24,119,A0A2P6NW44,ABV,167,N
A0A2A4YPT8,120,A0A2A4YPT8,,,
A0A0F9E602,120,A0A2A4YPT8,ABV,167,N
A0A0F9EBM8,120,A0A2A4YPT8,ABV,167,N
A0A0F9FHN4,120,A0A2A4YPT8,ABV,167,N
A0A0F9U2U4,120,A0A2A4YPT8,,,
A0A0S8CG92,120,A0A2A4YPT8,ABV,167,N
A0A1E7IM19,120,A0A2A4YPT8,ABV,167,N
A0A1M6N4J1,120,A0A2A4YPT8,,,
A0A1V1NWJ9,120,A0A2A4YPT8,ABV,167,N
A0A1V5M048,120,A0A2A4YPT8,,,
A0A1V5PYH6,120,A0A2A4YPT8,,,
A0A1V5X2N4,120,A0A2A4YPT8,ABV,167,N
A0A2D6N7L8,120,A0A2A4YPT8,ABV,167,N
A0A2D6X6W8,120,A0A2A4YPT8,ABV,167,N
A0A2D7XB27,120,A0A2A4YPT8,ABV,167,N
A0A2D8BX88,120,A0A2A4YPT8,ABV,167,N
A0A2D8XJU1,120,A0A2A4YPT8,,,
A0A2E0E2C1,120,A0A2A4YPT8,,,
A0A2E0GWQ8,120,A0A2A4YPT8,,,
A0A2E6H883,120,A0A2A4YPT8,ABV,167,N
A0A2E6H9N5,120,A0A2A4YPT8,,,
A0A2E8DKB2,120,A0A2A4YPT8,,,
A0A2E8UCP6,120,A0A2A4YPT8,,,
A0A2N1U448,120,A0A2A4YPT8,,,
A0A2S0L080,120,A0A2A4YPT8,,,
A0A382PVW0,120,A0A2A4YPT8,,,
A0A3B9NR36,120,A0A2A4YPT8,ABV,167,N
A0A3C0GJV9,120,A0A2A4YPT8,,,
A0A3D0CAK6,120,A0A2A4YPT8,ABV,167,N
A0A3D0M0N7,120,A0A2A4YPT8,ABV,167,N
A0A3D2IGK3,120,A0A2A4YPT8,ABV,167,N
A0A3D8J6I8,120,A0A2A4YPT8,ABV,167,N
A0A424NRD4,120,A0A2A4YPT8,,,
A0A446Y4Q8,120,A0A2A4YPT8,,,
A0A523RRV3,120,A0A2A4YPT8,,,
A0A5C7MER8,120,A0A2A4YPT8,,,
A0A5F1ZQJ3,120,A0A2A4YPT8,,,
A0A5M0YKX1,120,A0A2A4YPT8,ABV,167,N
A0A5N7TZM3,120,A0A2A4YPT8,,,
A0A661CLZ4,120,A0A2A4YPT8,,,
A0A661QKZ3,120,A0A2A4YPT8,,,
A0A661V193,120,A0A2A4YPT8,ABV,167,N
A0A662BNQ5,120,A0A2A4YPT8,,,
A0A6H1ZHL2,120,A0A2A4YPT8,ABV,167,N
A0A6H1ZHU9,120,A0A2A4YPT8,ABV,167,N
A0A6H1ZLH7,120,A0A2A4YPT8,,,
A0A6M3IYX4,120,A0A2A4YPT8,ABV,167,N
A0A6M3XTS2,120,A0A2A4YPT8,ABV,167,N
A0A6M3Y4I9,120,A0A2A4YPT8,ABV,167,N
A0A6P2AA11,120,A0A2A4YPT8,ABV,167,N
A0A843AB75,120,A0A2A4YPT8,,,
A0A843HRI3,120,A0A2A4YPT8,,,
B0CBB3,120,A0A2A4YPT8,ABV,167,N
E1QS72,120,A0A2A4YPT8,ABV,167,N
F9UH30,120,A0A2A4YPT8,ABV,167,N
A0A843FTT5,121,A0A843FTT5,Chedec11,134,N
C3Z4X6,122,C3Z4X6,viph1008o,151,N
P72344,123,P72344,,,
A0A259DJ39,123,P72344,,,
A0A519JCP2,123,P72344,ABV,167,N
A0A3D4EVI1,124,A0A3D4EVI1,,,
LY3,125,LY3,,,
A0A843GVV8,125,LY3,ctnWS46,134,N
DLc1,125,LY3,,,
GA1,125,LY3,,,
WhyPhy,125,LY3,,,
A0A7C5JTN2,126,A0A7C5JTN2,ABV,167,N
A0A7V4B0W3,126,A0A7C5JTN2,,,
A0A850I7L6,127,A0A850I7L6,ABV,167,N
A0A2E0GPZ9,127,A0A850I7L6,,,
A0A6G6YUJ4,127,A0A850I7L6,,,
A0A364VE36,128,A0A364VE36,ABV,167,N
A0A1A0PZ25,128,A0A364VE36,ABV,167,N
A0A1H5M4P5,128,A0A364VE36,ABV,167,N
A0A4V3IVS8,128,A0A364VE36,ABV,167,N
A0A7C0VZ45,128,A0A364VE36,,,
A0A843H964,129,A0A843H964,,,
A0A1B3SM82,129,A0A843H964,,,
A0A430SFE2,129,A0A843H964,ABV,167,N
A0A6M3Y1S2,129,A0A843H964,ABV,167,N
A0A7C1LZ54,129,A0A843H964,ABV,167,N
A0A6M3JN02,130,A0A6M3JN02,,,
A0A0W0WBB1,130,A0A6M3JN02,,,
A0A832IW44,131,A0A832IW44,,,
A0A2T4D1R7,131,A0A832IW44,,,
A0A7C5WU22,131,A0A832IW44,,,
A0A849DWN4,131,A0A832IW44,,,
A0A6J6EZG3,132,A0A6J6EZG3,ABV,167,N
A0A068MUE7,132,A0A6J6EZG3,ABV,167,N
A0A150IS07,132,A0A6J6EZG3,ABV,167,N
A0A162FVA4,132,A0A6J6EZG3,ABV,167,N
A0A2H1L0H6,132,A0A6J6EZG3,ABV,167,N
A0A419E0Z0,132,A0A6J6EZG3,ABV,167,N
A0A4Y9UFV3,132,A0A6J6EZG3,ABV,167,N
A0A6M3L0B7,132,A0A6J6EZG3,,,
A0A7C1VJ55,132,A0A6J6EZG3,,,
A0A7C1Y7E1,132,A0A6J6EZG3,,,
A0A7X9CMQ5,132,A0A6J6EZG3,,,
A0A2E4W7W5,133,A0A2E4W7W5,DSL-LC02,157,N
A0A2D5IEJ0,133,A0A2E4W7W5,DSL-LC02,157,N
A0A2M9X3F2,133,A0A2E4W7W5,DSL-LC02,157,N
A0A843H178,134,A0A843H178,ctnWS46,134,Y
A0A1W7M1M5,134,A0A843H178,Harambe,134,Y
A0A316SBH8,134,A0A843H178,Harambe,134,Y
A0A355UWK0,134,A0A843H178,Chedec11,134,Y
A0A843GK27,134,A0A843H178,phi29,134,Y
A0A843GP05,134,A0A843H178,ctnWS46,134,Y
A0A843GWF9,134,A0A843H178,phi29,134,Y
A0A843GYJ4,134,A0A843H178,Chedec11,134,Y
A0A843HB58,134,A0A843H178,Chedec11,134,Y
A0A843HI14,134,A0A843H178,ctnWS46,134,Y
Chedec11,134,A0A843H178,,,
Harambe,134,A0A843H178,,,
Karezi,134,A0A843H178,,,
ctnWS46,134,A0A843H178,,,
phi29,134,A0A843H178,,,
A0A419DJH6,135,A0A419DJH6,AP50,138,N
A0A7C6WFW7,136,A0A7C6WFW7,,,
A0A0Q4BC93,136,A0A7C6WFW7,,,
A0A2D7D8M2,136,A0A7C6WFW7,,,
A0A3D1E151,136,A0A7C6WFW7,ABV,167,N
D5RH42,136,A0A7C6WFW7,,,
K2F4D3,137,K2F4D3,,,
A0A556C4V7,138,A0A556C4V7,Bam35,138,Y
A0A2A7VQP9,138,A0A556C4V7,Sato,138,Y
A0A2A8BNU4,138,A0A556C4V7,AP50,138,Y
A0A4U3ADL4,138,A0A556C4V7,Bam35,138,Y
AP50,138,A0A556C4V7,,,
Bam35,138,A0A556C4V7,,,
J3B322,138,A0A556C4V7,Sato,138,Y
J8L4N5,138,A0A556C4V7,AP50,138,Y
Sato,138,A0A556C4V7,,,
A0A1H3J189,139,A0A1H3J189,ABV,167,N
A0A0F9BBK3,139,A0A1H3J189,ABV,167,N
A0A0F9HU51,139,A0A1H3J189,ABV,167,N
A0A0R1QSI7,139,A0A1H3J189,,,
A0A101XLQ8,139,A0A1H3J189,,,
A0A1I2PH37,139,A0A1H3J189,,,
A0A1Z9Q483,139,A0A1H3J189,ABV,167,N
A0A2A5QPE6,139,A0A1H3J189,ABV,167,N
A0A2D9CDU7,139,A0A1H3J189,ABV,167,N
A0A2H0WQC0,139,A0A1H3J189,ABV,167,N
A0A2J6W113,139,A0A1H3J189,,,
A0A2N5WAQ2,139,A0A1H3J189,,,
A0A348VCH3,139,A0A1H3J189,,,
A0A352NZ68,139,A0A1H3J189,ABV,167,N
A0A381WSK5,139,A0A1H3J189,,,
A0A383E1M7,139,A0A1H3J189,ABV,167,N
A0A3S3VF16,139,A0A1H3J189,ABV,167,N
A0A432LG54,139,A0A1H3J189,,,
A0A497BG74,139,A0A1H3J189,,,
A0A497Q7Z1,139,A0A1H3J189,ABV,167,N
A0A662HBU5,139,A0A1H3J189,ABV,167,N
A0A662IP83,139,A0A1H3J189,ABV,167,N
A0A6G0VW23,139,A0A1H3J189,,,
A0A6L9LEM2,139,A0A1H3J189,ABV,167,N
A0A7C0U2E8,139,A0A1H3J189,,,
A0A7C3U3A9,139,A0A1H3J189,,,
A0A7V0V9L0,139,A0A1H3J189,,,
A0A830EAV1,139,A0A1H3J189,ABV,167,N
A0A832FYA2,139,A0A1H3J189,,,
U3TCI3,139,A0A1H3J189,,,
phiYS61,140,phiYS61,,,
A0A2P8ERY1,141,A0A2P8ERY1,,,
PRD1,142,PRD1,,,
A0A661HJZ2,143,A0A661HJZ2,DSL-LC02,157,N
A0A1Z9UMR4,143,A0A661HJZ2,DSL-LC02,157,N
A0A2A5GVG9,143,A0A661HJZ2,DSL-LC02,157,N
A0A2D6WY54,143,A0A661HJZ2,S-SCSM1,168,N
A0A2E0UK78,143,A0A661HJZ2,DSL-LC02,157,N
A0A2E3G820,143,A0A661HJZ2,DSL-LC02,157,N
A0A2E4JT83,143,A0A661HJZ2,DSL-LC02,157,N
A0A381TPG3,143,A0A661HJZ2,DSL-LC02,157,N
A0A5C7JWM2,143,A0A661HJZ2,DSL-LC02,157,N
A0A6C0JTU6,143,A0A661HJZ2,DSL-LC02,157,N
A0A7J4DPU6,143,A0A661HJZ2,DSL-LC02,157,N
A0A7J4GS42,143,A0A661HJZ2,DSL-LC02,157,N
A0A7J4UKD5,143,A0A661HJZ2,DSL-LC02,157,N
A0A7J4UQ83,143,A0A661HJZ2,DSL-LC02,157,N
A0A7K4MRX3,143,A0A661HJZ2,DSL-LC02,157,N
A0A836UG03,143,A0A661HJZ2,DSL-LC02,157,N
A0A843HLV3,144,A0A843HLV3,Chedec11,134,N
A0A4Q0MC37,145,A0A4Q0MC37,,,
A0A7T0C0L7,146,A0A7T0C0L7,ABV,167,N
A0A3B8SP61,146,A0A7T0C0L7,ABV,167,N
A0A7J4MYK3,146,A0A7T0C0L7,,,
A0A7X9QAS3,146,A0A7T0C0L7,ABV,167,N
D0GKK3,147,D0GKK3,,,
A0A1F1LM08,147,D0GKK3,,,
A0A1U7EE31,147,D0GKK3,,,
A0A0F9PSU8,148,A0A0F9PSU8,,,
A0A523R766,148,A0A0F9PSU8,ABV,167,N
A0A524CFE5,148,A0A0F9PSU8,ABV,167,N
A0A5C9ER47,148,A0A0F9PSU8,ABV,167,N
X1EXW3,148,A0A0F9PSU8,,,
phiZP2,149,phiZP2,,,
A0A7C5ZPZ0,150,A0A7C5ZPZ0,ABV,167,N
A0A2J6NE06,150,A0A7C5ZPZ0,ABV,167,N
A0A497EMB0,150,A0A7C5ZPZ0,,,
A0A497F218,150,A0A7C5ZPZ0,ABV,167,N
A0A497FLI7,150,A0A7C5ZPZ0,ABV,167,N
A0A497FMZ0,150,A0A7C5ZPZ0,,,
A0A497J7I3,150,A0A7C5ZPZ0,ABV,167,N
A0A662I9N3,150,A0A7C5ZPZ0,ABV,167,N
A0A662ULF9,150,A0A7C5ZPZ0,ABV,167,N
A0A7C5V1E0,150,A0A7C5ZPZ0,ABV,167,N
A0A7J3QH35,150,A0A7C5ZPZ0,,,
viph1249b,151,viph1249b,,,
A0A1Z9GRW5,151,viph1249b,viph1249b,151,Y
viph1008o,151,viph1249b,,,
Cp1,152,Cp1,,,
A0A655Y629,153,A0A655Y629,,,
A0A355RL10,154,A0A355RL10,,,
A0A1G9WQK7,155,A0A1G9WQK7,,,
A0A031LKU7,155,A0A1G9WQK7,,,
A0A0F9SZB4,155,A0A1G9WQK7,ABV,167,N
A0A0P0N4N6,155,A0A1G9WQK7,,,
A0A151F387,155,A0A1G9WQK7,,,
A0A1M5B8K5,155,A0A1G9WQK7,,,
A0A286IJ86,155,A0A1G9WQK7,ABV,167,N
A0A359FDJ2,155,A0A1G9WQK7,,,
A0A3C1TCX1,155,A0A1G9WQK7,,,
A0A3N5W1B7,155,A0A1G9WQK7,,,
A0A497FMR6,155,A0A1G9WQK7,ABV,167,N
A0A4V1U0B7,155,A0A1G9WQK7,,,
A0A521GBK1,155,A0A1G9WQK7,ABV,167,N
A0A5Q5FSL4,155,A0A1G9WQK7,,,
A0A662PQ76,155,A0A1G9WQK7,ABV,167,N
A0A662TV99,155,A0A1G9WQK7,ABV,167,N
A0A662W327,155,A0A1G9WQK7,ABV,167,N
A0A6B3P4P7,155,A0A1G9WQK7,,,
A0A6H2A1A9,155,A0A1G9WQK7,ABV,167,N
A0A6M3Y320,155,A0A1G9WQK7,ABV,167,N
A0A7C1IFH2,155,A0A1G9WQK7,ABV,167,N
A0A7C2SN84,155,A0A1G9WQK7,,,
A0A7C5YYU6,155,A0A1G9WQK7,,,
A0A7Y5QF52,155,A0A1G9WQK7,,,
A0A843H3E2,155,A0A1G9WQK7,ABV,167,N
A0A847PUZ1,155,A0A1G9WQK7,ABV,167,N
E4RQA3,155,A0A1G9WQK7,,,
H2C0Y1,155,A0A1G9WQK7,,,
J0K9K7,155,A0A1G9WQK7,,,
W0E2G2,156,W0E2G2,,,
A0A359MF53,156,W0E2G2,,,
A0A497NZ49,156,W0E2G2,,,
A0A6I2ZXW8,156,W0E2G2,ABV,167,N
X0VB18,156,W0E2G2,,,
A0A2D6LTH5,157,A0A2D6LTH5,DSL-LC02,157,Y
A0A1Z9KI75,157,A0A2D6LTH5,DSL-LC02,157,Y
A0A2D5YE56,157,A0A2D6LTH5,DSL-LC02,157,Y
A0A2D6MDY4,157,A0A2D6LTH5,DSL-LC02,157,Y
A0A2D6TPR7,157,A0A2D6LTH5,,,
A0A2D8EN02,157,A0A2D6LTH5,,,
A0A2D9YFU4,157,A0A2D6LTH5,DSL-LC02,157,Y
A0A2E0IDK8,157,A0A2D6LTH5,DSL-LC02,157,Y
A0A2E0S326,157,A0A2D6LTH5,DSL-LC02,157,Y
A0A2E1UWD6,157,A0A2D6LTH5,DSL-LC02,157,Y
A0A2E2ZDE4,157,A0A2D6LTH5,DSL-LC02,157,Y
A0A2E5ASA9,157,A0A2D6LTH5,DSL-LC02,157,Y
A0A2E9WSK6,157,A0A2D6LTH5,DSL-LC02,157,Y
A0A2K3J3T7,157,A0A2D6LTH5,DSL-LC02,157,Y
A0A350C3Q3,157,A0A2D6LTH5,DSL-LC02,157,Y
A0A354GH62,157,A0A2D6LTH5,,,
A0A359MDL2,157,A0A2D6LTH5,,,
A0A381Z7W6,157,A0A2D6LTH5,DSL-LC02,157,Y
A0A382CIB5,157,A0A2D6LTH5,,,
A0A382IY87,157,A0A2D6LTH5,,,
A0A382R6N0,157,A0A2D6LTH5,,,
A0A424TWP7,157,A0A2D6LTH5,DSL-LC02,157,Y
A0A7J4IVR9,157,A0A2D6LTH5,,,
A0A825N1Q6,157,A0A2D6LTH5,S-SCSM1,168,N
DSL-LC02,157,A0A2D6LTH5,,,
A0A0E0TF05,158,A0A0E0TF05,,,
A0A0C2YF27,158,A0A0E0TF05,,,
A0A7W8IRD7,158,A0A0E0TF05,,,
A0A669BI51,159,A0A669BI51,,,
A0A432FDP4,160,A0A432FDP4,,,
A0A7C5VJH4,161,A0A7C5VJH4,,,
A0A0A2EBF8,161,A0A7C5VJH4,,,
A0A0A2FS50,161,A0A7C5VJH4,,,
A0A0F5PJ05,161,A0A7C5VJH4,,,
A0A0P1MHD5,161,A0A7C5VJH4,,,
A0A0U9HR84,161,A0A7C5VJH4,,,
A0A1F5UUQ4,161,A0A7C5VJH4,,,
A0A1M5Q3W3,161,A0A7C5VJH4,ABV,167,N
A0A1M6DKI8,161,A0A7C5VJH4,,,
A0A1M6V4T7,161,A0A7C5VJH4,,,
A0A1R3TAF1,161,A0A7C5VJH4,,,
A0A1S2VHF5,161,A0A7C5VJH4,,,
A0A1T4MAB9,161,A0A7C5VJH4,,,
A0A1U7PYD1,161,A0A7C5VJH4,,,
A0A1W6JWI6,161,A0A7C5VJH4,,,
A0A1W6WGA5,161,A0A7C5VJH4,,,
A0A1W9THK5,161,A0A7C5VJH4,,,
A0A218ZSY5,161,A0A7C5VJH4,,,
A0A2E0VVT1,161,A0A7C5VJH4,,,
A0A2E0VZ61,161,A0A7C5VJH4,,,
A0A2G0CK48,161,A0A7C5VJH4,,,
A0A2K8RDU7,161,A0A7C5VJH4,,,
A0A2L0NC94,161,A0A7C5VJH4,,,
A0A2M8CIC3,161,A0A7C5VJH4,,,
A0A2N5KRJ3,161,A0A7C5VJH4,,,
A0A2N5RH98,161,A0A7C5VJH4,,,
A0A317T340,161,A0A7C5VJH4,,,
A0A348UV69,161,A0A7C5VJH4,,,
A0A3D0X713,161,A0A7C5VJH4,,,
A0A3G2TDX8,161,A0A7C5VJH4,,,
A0A3G9CZQ6,161,A0A7C5VJH4,,,
A0A3T0D250,161,A0A7C5VJH4,,,
A0A422HL31,161,A0A7C5VJH4,,,
A0A432Q756,161,A0A7C5VJH4,,,
A0A434ATV3,161,A0A7C5VJH4,,,
A0A496Q6V6,161,A0A7C5VJH4,,,
A0A4Q0B1G0,161,A0A7C5VJH4,,,
A0A4Q5LTS1,161,A0A7C5VJH4,,,
A0A4V3XJZ4,161,A0A7C5VJH4,,,
A0A533QRK2,161,A0A7C5VJH4,,,
A0A661KBJ8,161,A0A7C5VJH4,,,
A0A6A4ULE7,161,A0A7C5VJH4,,,
A0A6M0YKX8,161,A0A7C5VJH4,,,
A0A6N8UKW5,161,A0A7C5VJH4,,,
A0A7C3ISC1,161,A0A7C5VJH4,,,
A0A7C3TV09,161,A0A7C5VJH4,,,
A0A7C4E0Z8,161,A0A7C5VJH4,,,
A0A7C4RY69,161,A0A7C5VJH4,,,
A0A7C6V012,161,A0A7C5VJH4,,,
A0A7J2U8S1,161,A0A7C5VJH4,,,
A0A7J4G2L1,161,A0A7C5VJH4,,,
A0A7K0B2K6,161,A0A7C5VJH4,,,
A0A7V0VDE5,161,A0A7C5VJH4,,,
A0A7V2I0Y8,161,A0A7C5VJH4,ABV,167,N
A0A7V5T6W2,161,A0A7C5VJH4,,,
A0A7X6PET7,161,A0A7C5VJH4,,,
A0A7X9RXS1,161,A0A7C5VJH4,,,
A0A846MRM0,161,A0A7C5VJH4,,,
B3EG07,161,A0A7C5VJH4,,,
B3QWN6,161,A0A7C5VJH4,,,
D3RWV8,161,A0A7C5VJH4,,,
Q7MTF1,161,A0A7C5VJH4,,,
Q895W9,161,A0A7C5VJH4,,,
Q977C2,161,A0A7C5VJH4,,,
R7ML17,161,A0A7C5VJH4,,,
S2DNE7,161,A0A7C5VJH4,,,
U1YAN9,161,A0A7C5VJH4,,,
A0A6G7PWI9,162,A0A6G7PWI9,,,
A0A356NXF7,162,A0A6G7PWI9,ABV,167,N
A0A4P6PIL5,162,A0A6G7PWI9,,,
A0A7V6J150,162,A0A6G7PWI9,,,
A0A838J999,163,A0A838J999,,,
A0A1F6MDC0,163,A0A838J999,ABV,167,N
A0A1J1C804,163,A0A838J999,,,
A0A358ADC3,163,A0A838J999,,,
A0A3M1NPA9,163,A0A838J999,,,
A0A496ZS69,163,A0A838J999,ABV,167,N
A0A7X7DIH5,163,A0A838J999,,,
A0A7X7I7V7,163,A0A838J999,,,
A0A7Y5L786,163,A0A838J999,,,
A0A2M7R4W7,164,A0A2M7R4W7,,,
A0A2M7P5M7,164,A0A2M7R4W7,,,
A0A2N7QFU2,164,A0A2M7R4W7,,,
F8AD18,164,A0A2M7R4W7,,,
A0A7J4UMS7,165,A0A7J4UMS7,,,
A0A0F7DBC6,165,A0A7J4UMS7,,,
A0A0F8YNR7,165,A0A7J4UMS7,,,
St134,166,St134,,,
A0A533HQX7,166,St134,St134,166,Y
A0A0F8XNT7,167,A0A0F8XNT7,,,
A0A2N3IIM9,167,A0A0F8XNT7,,,
A0A350PFK6,167,A0A0F8XNT7,,,
A0A351EM26,167,A0A0F8XNT7,,,
A0A359DES9,167,A0A0F8XNT7,,,
A0A4Y9EUQ2,167,A0A0F8XNT7,,,
A0A561I1Q3,167,A0A0F8XNT7,,,
A0A656K2Q0,167,A0A0F8XNT7,,,
ABV,167,A0A0F8XNT7,,,
W4PEV4,167,A0A0F8XNT7,,,
A0A2D6PA55,168,A0A2D6PA55,S-SCSM1,168,Y
A0A1Z9Q646,168,A0A2D6PA55,,,
A0A2D6PAJ8,168,A0A2D6PA55,S-SCSM1,168,Y
A0A2D9G7J7,168,A0A2D6PA55,S-SCSM1,168,Y
A0A2D9GEA7,168,A0A2D6PA55,S-SCSM1,168,Y
A0A2E3GPV8,168,A0A2D6PA55,S-SCSM1,168,Y
A0A2E3HQR5,168,A0A2D6PA55,,,
A0A2E3XMY3,168,A0A2D6PA55,,,
A0A2E4WNG9,168,A0A2D6PA55,S-SCSM1,168,Y
A0A2E5YUE1,168,A0A2D6PA55,DSL-LC02,157,N
A0A2E9PUQ4,168,A0A2D6PA55,DSL-LC02,157,N
S-CREM2,168,A0A2D6PA55,,,
S-SCSM1,168,A0A2D6PA55,,,
A0A060RC80,169,A0A060RC80,,,
A0A837YUN4,170,A0A837YUN4,,,
A0A1E7DQZ5,170,A0A837YUN4,,,
A0A268EC08,170,A0A837YUN4,,,
A0A4R7UAM2,170,A0A837YUN4,,,
A0A382R164,171,A0A382R164,,,
A0A1Z8VX22,171,A0A382R164,,,
A0A2D5YFZ5,171,A0A382R164,,,
A0A381UU62,171,A0A382R164,,,
A0A382IY12,171,A0A382R164,,,
A0A382JZW0,171,A0A382R164,,,
A0A382N615,171,A0A382R164,,,
A0A382YHD9,171,A0A382R164,,,
A0A1G8Z4B5,172,A0A1G8Z4B5,,,
A0A410TRH2,172,A0A1G8Z4B5,,,
M0DT59,172,A0A1G8Z4B5,,,
M0F5D2,172,A0A1G8Z4B5,,,
Forthebois,173,Forthebois,,,
A0A6H1ZDK0,174,A0A6H1ZDK0,,,
A0A1F4U7U1,174,A0A6H1ZDK0,ABV,167,N
A0A2S7T1W0,174,A0A6H1ZDK0,,,
A0A1V3TKE8,175,A0A1V3TKE8,,,
His1,176,His1,,,
Toil,177,Toil,,,
M0EQY0,177,Toil,,,
V4X4A9,177,Toil,,,
X1DRL2,178,X1DRL2,,,
A0A2R5EVK4,178,X1DRL2,,,
